Customer ID,PurchaseCount,CustomerType,TotalSpending,Segment
12346.0,11,Repeat Customer,372.86,Loyal
12347.0,2,Repeat Customer,1323.32,Repeat
12348.0,1,First-Time Customer,222.16,One-Time
12349.0,3,Repeat Customer,2671.14,Repeat
12351.0,1,First-Time Customer,300.93,One-Time
12352.0,2,Repeat Customer,343.8,Repeat
12353.0,1,First-Time Customer,317.76,One-Time
12355.0,1,First-Time Customer,488.21000000000004,One-Time
12356.0,3,Repeat Customer,3562.25,Repeat
12357.0,2,Repeat Customer,12079.99,Repeat
12358.0,3,Repeat Customer,2719.01,Repeat
12359.0,6,Repeat Customer,2563.36,Loyal
12360.0,5,Repeat Customer,1590.83,Loyal
12361.0,3,Repeat Customer,321.35,Repeat
12362.0,1,First-Time Customer,130.0,One-Time
12366.0,1,First-Time Customer,500.24,One-Time
12368.0,1,First-Time Customer,917.6999999999999,One-Time
12369.0,3,Repeat Customer,1791.15,Repeat
12370.0,3,Repeat Customer,774.62,Repeat
12371.0,3,Repeat Customer,2179.42,Repeat
12373.0,2,Repeat Customer,763.0500000000001,Repeat
12374.0,3,Repeat Customer,2246.29,Repeat
12376.0,2,Repeat Customer,503.15,Repeat
12377.0,2,Repeat Customer,1798.2,Repeat
12378.0,1,First-Time Customer,1407.7,One-Time
12379.0,2,Repeat Customer,767.98,Repeat
12380.0,7,Repeat Customer,6951.49,Loyal
12385.0,1,First-Time Customer,1938.4,One-Time
12386.0,1,First-Time Customer,258.9,One-Time
12387.0,1,First-Time Customer,143.94,One-Time
12388.0,2,Repeat Customer,1120.45,Repeat
12389.0,3,Repeat Customer,1433.33,Repeat
12391.0,5,Repeat Customer,2312.53,Loyal
12392.0,1,First-Time Customer,234.75000000000003,One-Time
12393.0,2,Repeat Customer,816.85,Repeat
12395.0,4,Repeat Customer,2048.64,Repeat
12396.0,1,First-Time Customer,931.43,One-Time
12399.0,3,Repeat Customer,853.65,Repeat
12400.0,1,First-Time Customer,205.25,One-Time
12402.0,5,Repeat Customer,1031.3,Loyal
12403.0,1,First-Time Customer,591.6600000000001,One-Time
12404.0,1,First-Time Customer,63.24,One-Time
12406.0,3,Repeat Customer,2975.06,Repeat
12408.0,3,Repeat Customer,1452.22,Repeat
12409.0,4,Repeat Customer,12346.619999999999,Repeat
12410.0,1,First-Time Customer,320.38,One-Time
12411.0,1,First-Time Customer,346.9,One-Time
12412.0,3,Repeat Customer,1370.05,Repeat
12413.0,1,First-Time Customer,241.35,One-Time
12414.0,3,Repeat Customer,390.0,Repeat
12415.0,7,Repeat Customer,19543.84,Loyal
12416.0,1,First-Time Customer,202.56,One-Time
12417.0,11,Repeat Customer,3167.81,Loyal
12418.0,3,Repeat Customer,1352.62,Repeat
12419.0,2,Repeat Customer,503.01,Repeat
12421.0,2,Repeat Customer,291.56,Repeat
12422.0,14,Repeat Customer,4428.24,Loyal
12423.0,2,Repeat Customer,763.08,Repeat
12424.0,2,Repeat Customer,1579.07,Repeat
12425.0,1,First-Time Customer,964.21,One-Time
12426.0,1,First-Time Customer,762.48,One-Time
12427.0,1,First-Time Customer,303.5,One-Time
12429.0,5,Repeat Customer,3735.51,Loyal
12431.0,13,Repeat Customer,4370.52,Loyal
12433.0,5,Repeat Customer,7205.39,Loyal
12434.0,1,First-Time Customer,297.29,One-Time
12435.0,4,Repeat Customer,6096.04,Repeat
12437.0,21,Repeat Customer,7731.99,Loyal
12439.0,2,Repeat Customer,1158.18,Repeat
12440.0,2,Repeat Customer,859.2,Repeat
12441.0,1,First-Time Customer,173.55,One-Time
12443.0,1,First-Time Customer,485.31,One-Time
12445.0,1,First-Time Customer,301.58000000000004,One-Time
12449.0,2,Repeat Customer,768.6,Repeat
12450.0,3,Repeat Customer,490.32,Repeat
12451.0,3,Repeat Customer,3634.36,Repeat
12454.0,4,Repeat Customer,13151.44,Repeat
12455.0,4,Repeat Customer,3413.09,Repeat
12457.0,1,First-Time Customer,632.68,One-Time
12458.0,2,Repeat Customer,830.09,Repeat
12459.0,1,First-Time Customer,454.36,One-Time
12460.0,1,First-Time Customer,326.65,One-Time
12466.0,1,First-Time Customer,56.73,One-Time
12467.0,1,First-Time Customer,132.8,One-Time
12468.0,3,Repeat Customer,2941.2,Repeat
12469.0,2,Repeat Customer,3070.54,Repeat
12470.0,1,First-Time Customer,211.95,One-Time
12471.0,49,Repeat Customer,20139.739999999998,Loyal
12472.0,13,Repeat Customer,11308.48,Loyal
12474.0,13,Repeat Customer,5048.66,Loyal
12475.0,1,First-Time Customer,426.26,One-Time
12476.0,12,Repeat Customer,7298.99,Loyal
12477.0,3,Repeat Customer,7056.63,Repeat
12480.0,3,Repeat Customer,2183.2200000000003,Repeat
12481.0,6,Repeat Customer,6765.07,Loyal
12482.0,29,Repeat Customer,23691.4,Loyal
12483.0,11,Repeat Customer,2635.6,Loyal
12484.0,6,Repeat Customer,1828.43,Loyal
12485.0,1,First-Time Customer,708.1,One-Time
12486.0,1,First-Time Customer,1037.28,One-Time
12487.0,1,First-Time Customer,285.29999999999995,One-Time
12490.0,11,Repeat Customer,4405.71,Loyal
12492.0,1,First-Time Customer,452.0,One-Time
12494.0,3,Repeat Customer,626.77,Repeat
12495.0,1,First-Time Customer,357.4,One-Time
12496.0,2,Repeat Customer,54.09,Repeat
12497.0,2,Repeat Customer,5205.400000000001,Repeat
12499.0,1,First-Time Customer,393.72,One-Time
12500.0,8,Repeat Customer,1697.39,Loyal
12503.0,1,First-Time Customer,1126.0,One-Time
12504.0,2,Repeat Customer,297.0,Repeat
12505.0,1,First-Time Customer,955.2,One-Time
12507.0,1,First-Time Customer,539.25,One-Time
12510.0,7,Repeat Customer,4195.45,Loyal
12511.0,1,First-Time Customer,3084.02,One-Time
12514.0,1,First-Time Customer,580.08,One-Time
12516.0,2,Repeat Customer,1336.56,Repeat
12519.0,1,First-Time Customer,385.7,One-Time
12523.0,12,Repeat Customer,2582.38,Loyal
12524.0,9,Repeat Customer,6640.39,Loyal
12525.0,3,Repeat Customer,973.73,Repeat
12527.0,2,Repeat Customer,386.8,Repeat
12529.0,1,First-Time Customer,316.48,One-Time
12530.0,5,Repeat Customer,2096.98,Loyal
12531.0,1,First-Time Customer,1807.98,One-Time
12533.0,2,Repeat Customer,1367.89,Repeat
12537.0,1,First-Time Customer,732.94,One-Time
12538.0,1,First-Time Customer,276.5,One-Time
12539.0,3,Repeat Customer,5646.400000000001,Repeat
12540.0,16,Repeat Customer,8854.25,Loyal
12542.0,2,Repeat Customer,481.88,Repeat
12543.0,1,First-Time Customer,980.25,One-Time
12547.0,1,First-Time Customer,175.78,One-Time
12549.0,6,Repeat Customer,1575.68,Loyal
12553.0,2,Repeat Customer,916.47,Repeat
12554.0,1,First-Time Customer,468.5,One-Time
12555.0,1,First-Time Customer,129.23,One-Time
12557.0,4,Repeat Customer,6725.18,Repeat
12562.0,2,Repeat Customer,1185.18,Repeat
12563.0,1,First-Time Customer,249.24,One-Time
12567.0,7,Repeat Customer,4308.58,Loyal
12568.0,1,First-Time Customer,70.0,One-Time
12570.0,1,First-Time Customer,77.52,One-Time
12573.0,4,Repeat Customer,556.87,Repeat
12575.0,2,Repeat Customer,622.8199999999999,Repeat
12576.0,3,Repeat Customer,826.89,Repeat
12577.0,5,Repeat Customer,995.9499999999999,Loyal
12578.0,2,Repeat Customer,1847.94,Repeat
12580.0,1,First-Time Customer,637.2,One-Time
12582.0,2,Repeat Customer,1469.04,Repeat
12583.0,13,Repeat Customer,7166.0599999999995,Loyal
12586.0,3,Repeat Customer,1865.73,Repeat
12588.0,3,Repeat Customer,743.88,Repeat
12589.0,6,Repeat Customer,4048.98,Loyal
12591.0,2,Repeat Customer,899.3,Repeat
12592.0,3,Repeat Customer,2145.06,Repeat
12594.0,5,Repeat Customer,1751.89,Loyal
12595.0,1,First-Time Customer,299.02,One-Time
12598.0,3,Repeat Customer,1511.01,Repeat
12599.0,6,Repeat Customer,1264.14,Loyal
12600.0,12,Repeat Customer,2444.88,Loyal
12601.0,1,First-Time Customer,104.19999999999999,One-Time
12605.0,4,Repeat Customer,1232.95,Repeat
12606.0,1,First-Time Customer,21.0,One-Time
12608.0,1,First-Time Customer,415.79,One-Time
12609.0,6,Repeat Customer,2309.01,Loyal
12613.0,5,Repeat Customer,3490.69,Loyal
12615.0,4,Repeat Customer,3449.79,Repeat
12616.0,1,First-Time Customer,417.8,One-Time
12619.0,1,First-Time Customer,140.14,One-Time
12621.0,16,Repeat Customer,11086.14,Loyal
12623.0,6,Repeat Customer,3442.7400000000002,Loyal
12625.0,2,Repeat Customer,2481.06,Repeat
12629.0,2,Repeat Customer,1558.22,Repeat
12631.0,5,Repeat Customer,2841.07,Loyal
12632.0,2,Repeat Customer,804.88,Repeat
12633.0,3,Repeat Customer,3514.18,Repeat
12634.0,2,Repeat Customer,490.0,Repeat
12635.0,2,Repeat Customer,1241.23,Repeat
12636.0,1,First-Time Customer,141.0,One-Time
12637.0,4,Repeat Customer,2318.41,Repeat
12638.0,1,First-Time Customer,249.8,One-Time
12639.0,2,Repeat Customer,826.27,Repeat
12643.0,6,Repeat Customer,5005.78,Loyal
12644.0,3,Repeat Customer,1440.58,Repeat
12645.0,4,Repeat Customer,1764.12,Repeat
12647.0,27,Repeat Customer,14201.53,Loyal
12648.0,3,Repeat Customer,793.95,Repeat
12649.0,5,Repeat Customer,1671.1399999999999,Loyal
12651.0,3,Repeat Customer,263.75,Repeat
12652.0,1,First-Time Customer,97.05000000000001,One-Time
12653.0,1,First-Time Customer,1950.98,One-Time
12655.0,1,First-Time Customer,261.35,One-Time
12656.0,3,Repeat Customer,2356.66,Repeat
12661.0,1,First-Time Customer,162.0,One-Time
12662.0,10,Repeat Customer,3138.2400000000002,Loyal
12663.0,2,Repeat Customer,239.4,Repeat
12664.0,2,Repeat Customer,1188.16,Repeat
12665.0,2,Repeat Customer,250.6,Repeat
12666.0,1,First-Time Customer,1248.42,One-Time
12668.0,6,Repeat Customer,7637.53,Loyal
12670.0,2,Repeat Customer,764.24,Repeat
12671.0,1,First-Time Customer,2622.481,One-Time
12672.0,1,First-Time Customer,211.15,One-Time
12673.0,1,First-Time Customer,619.5,One-Time
12675.0,2,Repeat Customer,958.5,Repeat
12676.0,5,Repeat Customer,1511.7,Loyal
12677.0,2,Repeat Customer,395.1,Repeat
12678.0,9,Repeat Customer,16652.72,Loyal
12681.0,24,Repeat Customer,17080.74,Loyal
12682.0,23,Repeat Customer,11745.69,Loyal
12683.0,8,Repeat Customer,4220.21,Loyal
12686.0,1,First-Time Customer,89.14,One-Time
12687.0,2,Repeat Customer,2138.91,Repeat
12691.0,1,First-Time Customer,134.6,One-Time
12692.0,1,First-Time Customer,110.95,One-Time
12693.0,3,Repeat Customer,847.11,Repeat
12694.0,1,First-Time Customer,973.68,One-Time
12695.0,3,Repeat Customer,825.02,Repeat
12696.0,2,Repeat Customer,851.91,Repeat
12698.0,1,First-Time Customer,339.75,One-Time
12699.0,1,First-Time Customer,638.11,One-Time
12701.0,4,Repeat Customer,1648.7,Repeat
12703.0,3,Repeat Customer,722.98,Repeat
12705.0,5,Repeat Customer,4893.81,Loyal
12708.0,9,Repeat Customer,2601.19,Loyal
12709.0,20,Repeat Customer,21356.82,Loyal
12711.0,2,Repeat Customer,1339.05,Repeat
12712.0,10,Repeat Customer,2797.53,Loyal
12714.0,7,Repeat Customer,9384.85,Loyal
12717.0,1,First-Time Customer,277.93,One-Time
12720.0,6,Repeat Customer,2478.94,Loyal
12721.0,2,Repeat Customer,1356.95,Repeat
12724.0,3,Repeat Customer,1286.11,Repeat
12725.0,4,Repeat Customer,2266.76,Repeat
12726.0,4,Repeat Customer,1405.5,Repeat
12727.0,3,Repeat Customer,1698.8300000000002,Repeat
12728.0,1,First-Time Customer,233.84,One-Time
12730.0,1,First-Time Customer,829.25,One-Time
12731.0,5,Repeat Customer,6879.8,Loyal
12733.0,3,Repeat Customer,2040.92,Repeat
12734.0,2,Repeat Customer,529.25,Repeat
12737.0,2,Repeat Customer,3710.5,Repeat
12738.0,1,First-Time Customer,155.35,One-Time
12739.0,2,Repeat Customer,1713.69,Repeat
12741.0,2,Repeat Customer,406.07,Repeat
12742.0,1,First-Time Customer,1201.52,One-Time
12744.0,4,Repeat Customer,4037.77,Repeat
12745.0,3,Repeat Customer,925.41,Repeat
12746.0,1,First-Time Customer,254.55,One-Time
12747.0,16,Repeat Customer,5080.53,Loyal
12748.0,144,Repeat Customer,22879.66,Loyal
12749.0,4,Repeat Customer,2806.48,Repeat
12751.0,1,First-Time Customer,268.27,One-Time
12755.0,10,Repeat Customer,5218.709999999999,Loyal
12758.0,5,Repeat Customer,7111.650000000001,Loyal
12759.0,5,Repeat Customer,3489.3,Loyal
12760.0,1,First-Time Customer,347.8,One-Time
12761.0,2,Repeat Customer,782.95,Repeat
12763.0,1,First-Time Customer,320.08,One-Time
12765.0,6,Repeat Customer,1404.58,Loyal
12766.0,3,Repeat Customer,3078.65,Repeat
12767.0,1,First-Time Customer,949.82,One-Time
12768.0,1,First-Time Customer,168.69000000000003,One-Time
12770.0,1,First-Time Customer,1895.0,One-Time
12771.0,1,First-Time Customer,282.3,One-Time
12773.0,1,First-Time Customer,124.25,One-Time
12774.0,1,First-Time Customer,98.7,One-Time
12775.0,2,Repeat Customer,300.08,Repeat
12776.0,1,First-Time Customer,55.5,One-Time
12777.0,1,First-Time Customer,519.45,One-Time
12778.0,3,Repeat Customer,953.45,Repeat
12779.0,7,Repeat Customer,2740.91,Loyal
12780.0,1,First-Time Customer,337.4,One-Time
12782.0,6,Repeat Customer,2287.32,Loyal
12784.0,1,First-Time Customer,1230.33,One-Time
12785.0,2,Repeat Customer,788.45,Repeat
12786.0,1,First-Time Customer,728.5,One-Time
12787.0,1,First-Time Customer,398.52,One-Time
12788.0,4,Repeat Customer,444.9,Repeat
12789.0,2,Repeat Customer,181.5,Repeat
12790.0,1,First-Time Customer,266.93,One-Time
12791.0,6,Repeat Customer,863.51,Loyal
12792.0,1,First-Time Customer,426.47,One-Time
12793.0,2,Repeat Customer,471.85,Repeat
12796.0,1,First-Time Customer,381.0,One-Time
12797.0,2,Repeat Customer,552.08,Repeat
12798.0,1,First-Time Customer,1533.8899999999999,One-Time
12799.0,1,First-Time Customer,219.35,One-Time
12800.0,3,Repeat Customer,584.25,Repeat
12801.0,1,First-Time Customer,1071.82,One-Time
12802.0,6,Repeat Customer,1988.84,Loyal
12803.0,1,First-Time Customer,1092.81,One-Time
12804.0,2,Repeat Customer,327.02,Repeat
12805.0,4,Repeat Customer,1434.95,Repeat
12806.0,4,Repeat Customer,2878.96,Repeat
12807.0,1,First-Time Customer,330.35,One-Time
12808.0,3,Repeat Customer,422.45,Repeat
12809.0,2,Repeat Customer,1266.63,Repeat
12810.0,2,Repeat Customer,534.99,Repeat
12811.0,2,Repeat Customer,519.05,Repeat
12813.0,3,Repeat Customer,1687.8,Repeat
12817.0,2,Repeat Customer,524.94,Repeat
12819.0,1,First-Time Customer,540.52,One-Time
12820.0,7,Repeat Customer,1747.18,Loyal
12821.0,1,First-Time Customer,128.07999999999998,One-Time
12823.0,13,Repeat Customer,4742.0,Loyal
12825.0,2,Repeat Customer,518.63,Repeat
12826.0,6,Repeat Customer,1481.03,Loyal
12829.0,1,First-Time Customer,92.30000000000001,One-Time
12831.0,2,Repeat Customer,236.06,Repeat
12835.0,41,Repeat Customer,6043.31,Loyal
12836.0,11,Repeat Customer,3972.76,Loyal
12837.0,1,First-Time Customer,554.31,One-Time
12838.0,9,Repeat Customer,2715.35,Loyal
12839.0,13,Repeat Customer,4480.31,Loyal
12840.0,3,Repeat Customer,1315.2,Repeat
12841.0,17,Repeat Customer,3518.33,Loyal
12842.0,2,Repeat Customer,799.0,Repeat
12843.0,22,Repeat Customer,4886.15,Loyal
12844.0,2,Repeat Customer,322.64,Repeat
12846.0,1,First-Time Customer,15.58,One-Time
12847.0,1,First-Time Customer,765.36,One-Time
12848.0,1,First-Time Customer,208.0,One-Time
12849.0,4,Repeat Customer,2039.67,Repeat
12850.0,1,First-Time Customer,330.0,One-Time
12851.0,1,First-Time Customer,148.95,One-Time
12853.0,5,Repeat Customer,1950.4,Loyal
12854.0,4,Repeat Customer,1669.52,Repeat
12855.0,4,Repeat Customer,612.84,Repeat
12857.0,4,Repeat Customer,2581.6,Repeat
12858.0,1,First-Time Customer,177.92,One-Time
12859.0,1,First-Time Customer,575.1,One-Time
12860.0,1,First-Time Customer,55.47,One-Time
12861.0,1,First-Time Customer,68.25,One-Time
12862.0,2,Repeat Customer,1008.3199999999999,Repeat
12863.0,5,Repeat Customer,2271.35,Loyal
12864.0,1,First-Time Customer,152.45,One-Time
12865.0,2,Repeat Customer,1755.24,Repeat
12866.0,2,Repeat Customer,668.23,Repeat
12867.0,6,Repeat Customer,3876.47,Loyal
12868.0,3,Repeat Customer,640.0,Repeat
12869.0,1,First-Time Customer,337.66999999999996,One-Time
12870.0,3,Repeat Customer,1676.95,Repeat
12871.0,1,First-Time Customer,363.38,One-Time
12872.0,11,Repeat Customer,3085.52,Loyal
12873.0,2,Repeat Customer,1653.3,Repeat
12874.0,2,Repeat Customer,948.42,Repeat
12875.0,3,Repeat Customer,1013.76,Repeat
12876.0,2,Repeat Customer,1863.77,Repeat
12877.0,8,Repeat Customer,1419.4,Loyal
12880.0,2,Repeat Customer,640.13,Repeat
12887.0,1,First-Time Customer,222.4,One-Time
12889.0,4,Repeat Customer,385.46000000000004,Repeat
12890.0,1,First-Time Customer,336.8,One-Time
12891.0,8,Repeat Customer,509.5,Loyal
12892.0,1,First-Time Customer,263.38,One-Time
12894.0,1,First-Time Customer,157.35,One-Time
12897.0,2,Repeat Customer,297.75,Repeat
12898.0,2,Repeat Customer,310.96000000000004,Repeat
12899.0,1,First-Time Customer,366.4,One-Time
12900.0,1,First-Time Customer,340.33,One-Time
12903.0,1,First-Time Customer,833.53,One-Time
12905.0,2,Repeat Customer,1018.42,Repeat
12907.0,2,Repeat Customer,508.91,Repeat
12908.0,3,Repeat Customer,1026.0,Repeat
12909.0,3,Repeat Customer,924.52,Repeat
12910.0,5,Repeat Customer,2721.48,Loyal
12911.0,1,First-Time Customer,1680.47,One-Time
12913.0,9,Repeat Customer,4217.2300000000005,Loyal
12914.0,1,First-Time Customer,223.98,One-Time
12915.0,3,Repeat Customer,811.1,Repeat
12916.0,3,Repeat Customer,1647.87,Repeat
12917.0,5,Repeat Customer,3765.2,Loyal
12918.0,1,First-Time Customer,10953.5,One-Time
12920.0,3,Repeat Customer,323.86,Repeat
12921.0,39,Repeat Customer,19333.95,Loyal
12923.0,2,Repeat Customer,612.9,Repeat
12924.0,8,Repeat Customer,1535.7,Loyal
12925.0,1,First-Time Customer,35.28,One-Time
12926.0,4,Repeat Customer,1548.46,Repeat
12927.0,1,First-Time Customer,197.31,One-Time
12928.0,7,Repeat Customer,2242.19,Loyal
12931.0,42,Repeat Customer,50291.38,Loyal
12932.0,8,Repeat Customer,1698.56,Loyal
12933.0,5,Repeat Customer,1079.5,Loyal
12934.0,1,First-Time Customer,181.65,One-Time
12935.0,8,Repeat Customer,2083.16,Loyal
12937.0,5,Repeat Customer,1593.34,Loyal
12939.0,12,Repeat Customer,13683.0,Loyal
12941.0,1,First-Time Customer,377.49,One-Time
12942.0,1,First-Time Customer,258.75,One-Time
12943.0,2,Repeat Customer,496.5,Repeat
12945.0,1,First-Time Customer,437.16,One-Time
12946.0,1,First-Time Customer,324.45,One-Time
12947.0,1,First-Time Customer,304.04,One-Time
12948.0,2,Repeat Customer,252.48000000000002,Repeat
12949.0,14,Repeat Customer,11359.48,Loyal
12951.0,9,Repeat Customer,2149.65,Loyal
12953.0,1,First-Time Customer,498.96000000000004,One-Time
12954.0,1,First-Time Customer,162.45,One-Time
12956.0,3,Repeat Customer,413.82,Repeat
12957.0,5,Repeat Customer,4689.43,Loyal
12958.0,2,Repeat Customer,539.49,Repeat
12959.0,1,First-Time Customer,150.95,One-Time
12960.0,4,Repeat Customer,1322.07,Repeat
12961.0,1,First-Time Customer,211.99,One-Time
12963.0,5,Repeat Customer,1744.96,Loyal
12964.0,1,First-Time Customer,132.24,One-Time
12967.0,2,Repeat Customer,2646.02,Repeat
12969.0,1,First-Time Customer,122.45,One-Time
12970.0,6,Repeat Customer,1072.73,Loyal
12971.0,33,Repeat Customer,4782.88,Loyal
12972.0,4,Repeat Customer,1161.2,Repeat
12973.0,1,First-Time Customer,385.55,One-Time
12974.0,1,First-Time Customer,264.15,One-Time
12975.0,6,Repeat Customer,2100.09,Loyal
12976.0,7,Repeat Customer,2417.7799999999997,Loyal
12977.0,3,Repeat Customer,478.39,Repeat
12978.0,5,Repeat Customer,2502.82,Loyal
12979.0,1,First-Time Customer,517.7,One-Time
12980.0,12,Repeat Customer,8870.880000000001,Loyal
12982.0,7,Repeat Customer,2354.27,Loyal
12983.0,1,First-Time Customer,490.08000000000004,One-Time
12986.0,10,Repeat Customer,2729.84,Loyal
12987.0,3,Repeat Customer,753.51,Repeat
12989.0,18,Repeat Customer,6627.64,Loyal
12990.0,4,Repeat Customer,546.0,Repeat
12991.0,1,First-Time Customer,261.06,One-Time
12992.0,1,First-Time Customer,93.35000000000001,One-Time
12993.0,4,Repeat Customer,844.87,Repeat
12996.0,1,First-Time Customer,355.5,One-Time
12997.0,4,Repeat Customer,884.02,Repeat
12998.0,3,Repeat Customer,920.08,Repeat
13000.0,1,First-Time Customer,497.65000000000003,One-Time
13001.0,20,Repeat Customer,14353.28,Loyal
13002.0,2,Repeat Customer,293.18,Repeat
13004.0,18,Repeat Customer,5994.94,Loyal
13005.0,2,Repeat Customer,485.98,Repeat
13007.0,1,First-Time Customer,175.25,One-Time
13008.0,2,Repeat Customer,382.66,Repeat
13009.0,1,First-Time Customer,234.0,One-Time
13010.0,2,Repeat Customer,330.12,Repeat
13011.0,1,First-Time Customer,50.550000000000004,One-Time
13012.0,3,Repeat Customer,1310.99,Repeat
13013.0,18,Repeat Customer,7814.83,Loyal
13014.0,1,First-Time Customer,1914.8,One-Time
13015.0,6,Repeat Customer,3240.14,Loyal
13018.0,7,Repeat Customer,2485.46,Loyal
13019.0,6,Repeat Customer,1229.95,Loyal
13020.0,2,Repeat Customer,618.96,Repeat
13021.0,8,Repeat Customer,2270.86,Loyal
13022.0,1,First-Time Customer,65.3,One-Time
13023.0,1,First-Time Customer,759.13,One-Time
13024.0,2,Repeat Customer,555.87,Repeat
13025.0,1,First-Time Customer,323.39,One-Time
13026.0,4,Repeat Customer,757.72,Repeat
13027.0,13,Repeat Customer,10423.2,Loyal
13029.0,2,Repeat Customer,679.8,Repeat
13030.0,1,First-Time Customer,427.74,One-Time
13031.0,5,Repeat Customer,3419.27,Loyal
13032.0,7,Repeat Customer,1833.37,Loyal
13033.0,1,First-Time Customer,30.0,One-Time
13034.0,2,Repeat Customer,279.91,Repeat
13035.0,1,First-Time Customer,442.32,One-Time
13036.0,1,First-Time Customer,307.1,One-Time
13037.0,9,Repeat Customer,3033.88,Loyal
13039.0,4,Repeat Customer,1010.73,Repeat
13041.0,4,Repeat Customer,799.13,Repeat
13042.0,3,Repeat Customer,1556.54,Repeat
13044.0,10,Repeat Customer,4293.43,Loyal
13045.0,2,Repeat Customer,503.64,Repeat
13046.0,1,First-Time Customer,319.94,One-Time
13047.0,17,Repeat Customer,5557.62,Loyal
13048.0,5,Repeat Customer,2248.3,Loyal
13049.0,2,Repeat Customer,751.5600000000001,Repeat
13050.0,19,Repeat Customer,6507.67,Loyal
13051.0,2,Repeat Customer,155.8,Repeat
13052.0,6,Repeat Customer,2820.38,Loyal
13053.0,1,First-Time Customer,127.65,One-Time
13055.0,1,First-Time Customer,1106.7,One-Time
13056.0,1,First-Time Customer,209.48,One-Time
13057.0,3,Repeat Customer,722.09,Repeat
13059.0,9,Repeat Customer,2119.77,Loyal
13063.0,1,First-Time Customer,188.4,One-Time
13064.0,2,Repeat Customer,561.25,Repeat
13065.0,5,Repeat Customer,1055.05,Loyal
13067.0,2,Repeat Customer,393.05,Repeat
13069.0,16,Repeat Customer,5247.01,Loyal
13070.0,3,Repeat Customer,522.9,Repeat
13071.0,1,First-Time Customer,129.22,One-Time
13073.0,2,Repeat Customer,418.08,Repeat
13074.0,4,Repeat Customer,1378.74,Repeat
13076.0,1,First-Time Customer,135.4,One-Time
13077.0,8,Repeat Customer,2335.4,Loyal
13078.0,32,Repeat Customer,16904.510000000002,Loyal
13079.0,1,First-Time Customer,199.08,One-Time
13080.0,3,Repeat Customer,222.65,Repeat
13081.0,19,Repeat Customer,30867.77,Loyal
13082.0,12,Repeat Customer,3722.12,Loyal
13083.0,1,First-Time Customer,91.67999999999999,One-Time
13084.0,1,First-Time Customer,122.39999999999999,One-Time
13085.0,6,Repeat Customer,2017.2,Loyal
13086.0,1,First-Time Customer,439.33000000000004,One-Time
13087.0,1,First-Time Customer,313.64,One-Time
13088.0,1,First-Time Customer,236.11,One-Time
13089.0,109,Repeat Customer,57912.03,Loyal
13090.0,13,Repeat Customer,5192.27,Loyal
13091.0,2,Repeat Customer,1976.0,Repeat
13092.0,7,Repeat Customer,1662.45,Loyal
13093.0,48,Repeat Customer,47111.18,Loyal
13094.0,2,Repeat Customer,505.8,Repeat
13096.0,1,First-Time Customer,419.70000000000005,One-Time
13097.0,18,Repeat Customer,7378.8,Loyal
13101.0,3,Repeat Customer,594.21,Repeat
13102.0,14,Repeat Customer,5272.83,Loyal
13103.0,2,Repeat Customer,465.70000000000005,Repeat
13104.0,3,Repeat Customer,610.62,Repeat
13105.0,1,First-Time Customer,72.0,One-Time
13106.0,1,First-Time Customer,526.96,One-Time
13107.0,5,Repeat Customer,3721.45,Loyal
13108.0,2,Repeat Customer,748.46,Repeat
13109.0,1,First-Time Customer,347.49,One-Time
13110.0,5,Repeat Customer,1468.8000000000002,Loyal
13111.0,1,First-Time Customer,321.88000000000005,One-Time
13112.0,1,First-Time Customer,20.6,One-Time
13113.0,14,Repeat Customer,6379.7699999999995,Loyal
13114.0,1,First-Time Customer,234.38,One-Time
13115.0,6,Repeat Customer,3199.92,Loyal
13117.0,12,Repeat Customer,1658.8999999999999,Loyal
13118.0,4,Repeat Customer,1217.6,Repeat
13119.0,1,First-Time Customer,134.9,One-Time
13123.0,2,Repeat Customer,506.75,Repeat
13124.0,1,First-Time Customer,916.12,One-Time
13125.0,1,First-Time Customer,158.57,One-Time
13126.0,7,Repeat Customer,1898.6100000000001,Loyal
13128.0,1,First-Time Customer,263.5,One-Time
13129.0,2,Repeat Customer,233.25,Repeat
13131.0,4,Repeat Customer,2240.47,Repeat
13133.0,1,First-Time Customer,90.65,One-Time
13134.0,2,Repeat Customer,681.65,Repeat
13135.0,1,First-Time Customer,275.45,One-Time
13136.0,8,Repeat Customer,3666.9500000000003,Loyal
13137.0,8,Repeat Customer,4062.29,Loyal
13138.0,2,Repeat Customer,504.85,Repeat
13139.0,1,First-Time Customer,3138.04,One-Time
13140.0,3,Repeat Customer,791.96,Repeat
13141.0,12,Repeat Customer,5279.83,Loyal
13143.0,1,First-Time Customer,405.1,One-Time
13144.0,1,First-Time Customer,24.4,One-Time
13145.0,4,Repeat Customer,805.0,Repeat
13148.0,14,Repeat Customer,4914.6900000000005,Loyal
13150.0,3,Repeat Customer,449.96999999999997,Repeat
13151.0,2,Repeat Customer,1322.8700000000001,Repeat
13152.0,7,Repeat Customer,2146.38,Loyal
13154.0,3,Repeat Customer,1624.84,Repeat
13155.0,3,Repeat Customer,778.42,Repeat
13156.0,3,Repeat Customer,1586.54,Repeat
13157.0,5,Repeat Customer,3946.14,Loyal
13158.0,1,First-Time Customer,307.12,One-Time
13161.0,1,First-Time Customer,366.13,One-Time
13162.0,12,Repeat Customer,7587.2,Loyal
13163.0,1,First-Time Customer,17.65,One-Time
13164.0,2,Repeat Customer,372.2,Repeat
13165.0,1,First-Time Customer,429.68,One-Time
13166.0,1,First-Time Customer,466.98,One-Time
13167.0,1,First-Time Customer,333.82,One-Time
13168.0,1,First-Time Customer,556.12,One-Time
13169.0,1,First-Time Customer,127.2,One-Time
13172.0,1,First-Time Customer,69.6,One-Time
13173.0,10,Repeat Customer,2285.7,Loyal
13174.0,10,Repeat Customer,6677.81,Loyal
13175.0,2,Repeat Customer,831.45,Repeat
13177.0,1,First-Time Customer,229.75,One-Time
13178.0,10,Repeat Customer,8333.72,Loyal
13179.0,1,First-Time Customer,572.3100000000001,One-Time
13180.0,1,First-Time Customer,86.10000000000001,One-Time
13181.0,1,First-Time Customer,359.69,One-Time
13183.0,6,Repeat Customer,3078.4,Loyal
13187.0,3,Repeat Customer,130.99,Repeat
13190.0,3,Repeat Customer,570.66,Repeat
13191.0,1,First-Time Customer,164.69,One-Time
13192.0,4,Repeat Customer,1646.6399999999999,Repeat
13194.0,1,First-Time Customer,412.08,One-Time
13195.0,1,First-Time Customer,172.38,One-Time
13196.0,3,Repeat Customer,1271.06,Repeat
13197.0,1,First-Time Customer,373.01000000000005,One-Time
13198.0,2,Repeat Customer,1572.99,Repeat
13199.0,30,Repeat Customer,6615.77,Loyal
13201.0,4,Repeat Customer,1240.6100000000001,Repeat
13202.0,7,Repeat Customer,1580.3,Loyal
13203.0,6,Repeat Customer,1778.79,Loyal
13204.0,1,First-Time Customer,966.6600000000001,One-Time
13205.0,1,First-Time Customer,2803.2,One-Time
13206.0,13,Repeat Customer,8377.32,Loyal
13207.0,2,Repeat Customer,285.6,Repeat
13208.0,3,Repeat Customer,764.6,Repeat
13209.0,5,Repeat Customer,2617.9,Loyal
13211.0,7,Repeat Customer,1531.9,Loyal
13213.0,6,Repeat Customer,2330.94,Loyal
13214.0,7,Repeat Customer,3264.23,Loyal
13215.0,1,First-Time Customer,81.6,One-Time
13217.0,1,First-Time Customer,132.5,One-Time
13219.0,1,First-Time Customer,76.23,One-Time
13220.0,1,First-Time Customer,516.8,One-Time
13222.0,1,First-Time Customer,88.5,One-Time
13223.0,4,Repeat Customer,805.9200000000001,Repeat
13225.0,9,Repeat Customer,9796.23,Loyal
13226.0,1,First-Time Customer,204.25,One-Time
13230.0,17,Repeat Customer,3553.81,Loyal
13233.0,2,Repeat Customer,571.34,Repeat
13234.0,2,Repeat Customer,356.95,Repeat
13237.0,1,First-Time Customer,643.0,One-Time
13238.0,2,Repeat Customer,305.9,Repeat
13239.0,4,Repeat Customer,1265.1299999999999,Repeat
13240.0,5,Repeat Customer,1074.87,Loyal
13241.0,1,First-Time Customer,115.58,One-Time
13242.0,4,Repeat Customer,429.0,Repeat
13243.0,4,Repeat Customer,677.97,Repeat
13245.0,1,First-Time Customer,558.72,One-Time
13246.0,5,Repeat Customer,1400.1299999999999,Loyal
13249.0,6,Repeat Customer,897.52,Loyal
13250.0,2,Repeat Customer,256.04,Repeat
13251.0,1,First-Time Customer,252.68,One-Time
13252.0,2,Repeat Customer,399.3,Repeat
13253.0,2,Repeat Customer,1920.71,Repeat
13254.0,1,First-Time Customer,51.410000000000004,One-Time
13255.0,2,Repeat Customer,504.95,Repeat
13257.0,1,First-Time Customer,149.75,One-Time
13258.0,2,Repeat Customer,336.59999999999997,Repeat
13259.0,8,Repeat Customer,1141.06,Loyal
13262.0,2,Repeat Customer,373.16,Repeat
13263.0,4,Repeat Customer,1250.6200000000001,Repeat
13264.0,1,First-Time Customer,722.5600000000001,One-Time
13266.0,7,Repeat Customer,2300.78,Loyal
13267.0,18,Repeat Customer,5236.77,Loyal
13269.0,14,Repeat Customer,3545.47,Loyal
13270.0,1,First-Time Customer,590.0,One-Time
13274.0,1,First-Time Customer,360.85,One-Time
13275.0,2,Repeat Customer,241.66,Repeat
13276.0,3,Repeat Customer,1348.33,Repeat
13277.0,3,Repeat Customer,264.9,Repeat
13278.0,3,Repeat Customer,893.12,Repeat
13280.0,4,Repeat Customer,1507.77,Repeat
13281.0,1,First-Time Customer,350.85,One-Time
13282.0,1,First-Time Customer,181.05,One-Time
13283.0,2,Repeat Customer,279.7,Repeat
13285.0,2,Repeat Customer,655.47,Repeat
13286.0,1,First-Time Customer,734.91,One-Time
13287.0,3,Repeat Customer,781.59,Repeat
13288.0,5,Repeat Customer,927.61,Loyal
13289.0,1,First-Time Customer,307.95,One-Time
13290.0,1,First-Time Customer,208.63,One-Time
13291.0,10,Repeat Customer,2959.73,Loyal
13292.0,3,Repeat Customer,415.57,Repeat
13293.0,6,Repeat Customer,1192.94,Loyal
13294.0,1,First-Time Customer,815.79,One-Time
13295.0,3,Repeat Customer,900.77,Repeat
13296.0,5,Repeat Customer,705.11,Loyal
13297.0,3,Repeat Customer,2278.77,Repeat
13299.0,2,Repeat Customer,1076.2,Repeat
13300.0,2,Repeat Customer,913.62,Repeat
13302.0,1,First-Time Customer,95.45,One-Time
13303.0,1,First-Time Customer,61.72,One-Time
13304.0,3,Repeat Customer,917.57,Repeat
13305.0,7,Repeat Customer,1753.85,Loyal
13306.0,1,First-Time Customer,53.65,One-Time
13307.0,2,Repeat Customer,258.34,Repeat
13308.0,1,First-Time Customer,284.86,One-Time
13309.0,1,First-Time Customer,249.58,One-Time
13310.0,2,Repeat Customer,409.17,Repeat
13312.0,1,First-Time Customer,124.75,One-Time
13313.0,7,Repeat Customer,1890.0,Loyal
13315.0,1,First-Time Customer,310.26,One-Time
13316.0,6,Repeat Customer,7213.84,Loyal
13317.0,13,Repeat Customer,4212.411,Loyal
13319.0,34,Repeat Customer,11236.95,Loyal
13320.0,2,Repeat Customer,679.4,Repeat
13324.0,8,Repeat Customer,3391.52,Loyal
13326.0,1,First-Time Customer,281.76,One-Time
13327.0,14,Repeat Customer,6251.71,Loyal
13329.0,7,Repeat Customer,4323.97,Loyal
13330.0,3,Repeat Customer,1665.25,Repeat
13331.0,1,First-Time Customer,262.4,One-Time
13333.0,3,Repeat Customer,1015.74,Repeat
13334.0,2,Repeat Customer,2726.93,Repeat
13337.0,1,First-Time Customer,1575.26,One-Time
13338.0,3,Repeat Customer,1958.6,Repeat
13340.0,5,Repeat Customer,11364.08,Loyal
13346.0,6,Repeat Customer,299.4,Loyal
13357.0,4,Repeat Customer,3228.41,Repeat
13359.0,1,First-Time Customer,603.75,One-Time
13360.0,4,Repeat Customer,1553.65,Repeat
13361.0,2,Repeat Customer,1450.5,Repeat
13362.0,3,Repeat Customer,2303.33,Repeat
13363.0,1,First-Time Customer,731.36,One-Time
13367.0,1,First-Time Customer,510.20000000000005,One-Time
13368.0,2,Repeat Customer,498.1,Repeat
13369.0,1,First-Time Customer,308.28000000000003,One-Time
13370.0,1,First-Time Customer,754.87,One-Time
13371.0,2,Repeat Customer,2297.66,Repeat
13373.0,3,Repeat Customer,4274.94,Repeat
13374.0,2,Repeat Customer,422.8,Repeat
13375.0,1,First-Time Customer,1013.58,One-Time
13377.0,2,Repeat Customer,1552.88,Repeat
13380.0,1,First-Time Customer,62.4,One-Time
13381.0,6,Repeat Customer,4585.06,Loyal
13382.0,4,Repeat Customer,1164.59,Repeat
13383.0,1,First-Time Customer,305.28000000000003,One-Time
13384.0,4,Repeat Customer,2528.9,Repeat
13386.0,2,Repeat Customer,835.46,Repeat
13387.0,1,First-Time Customer,189.44,One-Time
13388.0,1,First-Time Customer,508.55,One-Time
13392.0,1,First-Time Customer,91.14,One-Time
13393.0,4,Repeat Customer,1131.45,Repeat
13394.0,11,Repeat Customer,4101.68,Loyal
13395.0,2,Repeat Customer,872.51,Repeat
13397.0,5,Repeat Customer,1647.74,Loyal
13398.0,1,First-Time Customer,213.0,One-Time
13399.0,3,Repeat Customer,275.4,Repeat
13400.0,1,First-Time Customer,310.83,One-Time
13402.0,3,Repeat Customer,913.9000000000001,Repeat
13403.0,2,Repeat Customer,154.5,Repeat
13405.0,3,Repeat Customer,641.36,Repeat
13406.0,2,Repeat Customer,568.92,Repeat
13407.0,3,Repeat Customer,2244.7,Repeat
13408.0,46,Repeat Customer,23616.422,Loyal
13410.0,4,Repeat Customer,1198.9,Repeat
13412.0,1,First-Time Customer,487.34999999999997,One-Time
13413.0,6,Repeat Customer,429.44,Loyal
13414.0,3,Repeat Customer,1103.64,Repeat
13415.0,4,Repeat Customer,800.67,Repeat
13416.0,1,First-Time Customer,228.3,One-Time
13417.0,4,Repeat Customer,1028.66,Repeat
13418.0,15,Repeat Customer,6106.17,Loyal
13421.0,6,Repeat Customer,2252.04,Loyal
13423.0,1,First-Time Customer,217.03,One-Time
13424.0,1,First-Time Customer,572.77,One-Time
13425.0,2,Repeat Customer,1779.42,Repeat
13426.0,12,Repeat Customer,4526.06,Loyal
13427.0,3,Repeat Customer,423.93,Repeat
13428.0,2,Repeat Customer,281.51,Repeat
13431.0,6,Repeat Customer,2047.14,Loyal
13432.0,2,Repeat Customer,439.1,Repeat
13433.0,4,Repeat Customer,658.3199999999999,Repeat
13434.0,3,Repeat Customer,1132.6200000000001,Repeat
13435.0,2,Repeat Customer,665.34,Repeat
13438.0,1,First-Time Customer,46.5,One-Time
13439.0,2,Repeat Customer,702.9,Repeat
13440.0,7,Repeat Customer,1295.25,Loyal
13441.0,1,First-Time Customer,424.26,One-Time
13442.0,3,Repeat Customer,419.87,Repeat
13443.0,6,Repeat Customer,1280.16,Loyal
13444.0,2,Repeat Customer,631.6800000000001,Repeat
13445.0,1,First-Time Customer,241.89999999999998,One-Time
13446.0,11,Repeat Customer,3881.89,Loyal
13448.0,9,Repeat Customer,5701.5,Loyal
13450.0,7,Repeat Customer,2076.32,Loyal
13451.0,6,Repeat Customer,4214.77,Loyal
13452.0,1,First-Time Customer,139.8,One-Time
13453.0,1,First-Time Customer,424.71,One-Time
13454.0,1,First-Time Customer,219.87,One-Time
13455.0,5,Repeat Customer,1847.59,Loyal
13457.0,2,Repeat Customer,148.22,Repeat
13458.0,2,Repeat Customer,2312.7,Repeat
13459.0,2,Repeat Customer,1160.4099999999999,Repeat
13461.0,3,Repeat Customer,2715.0,Repeat
13462.0,4,Repeat Customer,1002.35,Repeat
13464.0,5,Repeat Customer,2422.96,Loyal
13465.0,2,Repeat Customer,931.12,Repeat
13466.0,4,Repeat Customer,705.45,Repeat
13468.0,38,Repeat Customer,7685.54,Loyal
13469.0,1,First-Time Customer,82.4,One-Time
13472.0,2,Repeat Customer,592.24,Repeat
13473.0,6,Repeat Customer,2235.12,Loyal
13474.0,2,Repeat Customer,434.2,Repeat
13476.0,3,Repeat Customer,823.0,Repeat
13477.0,5,Repeat Customer,1379.59,Loyal
13478.0,5,Repeat Customer,2215.78,Loyal
13479.0,2,Repeat Customer,550.42,Repeat
13480.0,2,Repeat Customer,627.82,Repeat
13481.0,6,Repeat Customer,2026.28,Loyal
13482.0,1,First-Time Customer,151.45,One-Time
13484.0,2,Repeat Customer,476.92,Repeat
13485.0,10,Repeat Customer,2564.98,Loyal
13487.0,2,Repeat Customer,271.47,Repeat
13488.0,11,Repeat Customer,6619.57,Loyal
13490.0,1,First-Time Customer,154.25,One-Time
13491.0,18,Repeat Customer,3350.7400000000002,Loyal
13495.0,6,Repeat Customer,3329.39,Loyal
13497.0,5,Repeat Customer,972.28,Loyal
13498.0,1,First-Time Customer,327.38,One-Time
13500.0,1,First-Time Customer,299.53,One-Time
13501.0,2,Repeat Customer,1544.79,Repeat
13502.0,2,Repeat Customer,488.5,Repeat
13503.0,5,Repeat Customer,1688.54,Loyal
13506.0,4,Repeat Customer,1180.68,Repeat
13508.0,1,First-Time Customer,176.07999999999998,One-Time
13509.0,1,First-Time Customer,135.0,One-Time
13510.0,7,Repeat Customer,2766.73,Loyal
13511.0,1,First-Time Customer,282.76,One-Time
13512.0,3,Repeat Customer,462.18,Repeat
13513.0,2,Repeat Customer,619.49,Repeat
13514.0,3,Repeat Customer,663.7,Repeat
13515.0,2,Repeat Customer,374.7,Repeat
13516.0,1,First-Time Customer,295.85,One-Time
13519.0,1,First-Time Customer,220.46,One-Time
13520.0,6,Repeat Customer,3285.05,Loyal
13523.0,2,Repeat Customer,1136.64,Repeat
13526.0,2,Repeat Customer,1182.0,Repeat
13527.0,5,Repeat Customer,2396.23,Loyal
13530.0,1,First-Time Customer,402.97999999999996,One-Time
13531.0,5,Repeat Customer,1254.72,Loyal
13534.0,10,Repeat Customer,1850.82,Loyal
13535.0,1,First-Time Customer,89.5,One-Time
13537.0,2,Repeat Customer,717.85,Repeat
13538.0,5,Repeat Customer,1831.88,Loyal
13539.0,4,Repeat Customer,938.02,Repeat
13540.0,3,Repeat Customer,632.39,Repeat
13541.0,2,Repeat Customer,785.25,Repeat
13542.0,17,Repeat Customer,4006.17,Loyal
13543.0,2,Repeat Customer,1439.6100000000001,Repeat
13544.0,4,Repeat Customer,537.59,Repeat
13545.0,2,Repeat Customer,374.64,Repeat
13546.0,2,Repeat Customer,465.15,Repeat
13547.0,1,First-Time Customer,175.53,One-Time
13548.0,1,First-Time Customer,226.57999999999998,One-Time
13549.0,1,First-Time Customer,87.6,One-Time
13550.0,1,First-Time Customer,349.51,One-Time
13551.0,1,First-Time Customer,152.39999999999998,One-Time
13552.0,10,Repeat Customer,3238.85,Loyal
13553.0,1,First-Time Customer,517.8,One-Time
13554.0,7,Repeat Customer,1638.28,Loyal
13555.0,9,Repeat Customer,4849.91,Loyal
13556.0,2,Repeat Customer,200.82,Repeat
13557.0,11,Repeat Customer,2448.2,Loyal
13559.0,2,Repeat Customer,990.0,Repeat
13561.0,10,Repeat Customer,1678.86,Loyal
13562.0,5,Repeat Customer,3038.85,Loyal
13564.0,35,Repeat Customer,15500.53,Loyal
13565.0,1,First-Time Customer,174.57999999999998,One-Time
13566.0,3,Repeat Customer,833.41,Repeat
13567.0,4,Repeat Customer,1083.69,Repeat
13569.0,3,Repeat Customer,520.03,Repeat
13571.0,14,Repeat Customer,2454.2200000000003,Loyal
13573.0,4,Repeat Customer,622.07,Repeat
13574.0,1,First-Time Customer,421.25,One-Time
13576.0,11,Repeat Customer,4834.400000000001,Loyal
13577.0,7,Repeat Customer,1801.68,Loyal
13578.0,1,First-Time Customer,147.66,One-Time
13579.0,4,Repeat Customer,1072.0,Repeat
13580.0,1,First-Time Customer,107.75,One-Time
13581.0,1,First-Time Customer,162.53,One-Time
13582.0,2,Repeat Customer,241.68,Repeat
13583.0,1,First-Time Customer,664.001,One-Time
13584.0,2,Repeat Customer,250.05,Repeat
13585.0,3,Repeat Customer,684.54,Repeat
13586.0,1,First-Time Customer,131.53,One-Time
13587.0,3,Repeat Customer,961.1,Repeat
13589.0,4,Repeat Customer,741.09,Repeat
13590.0,12,Repeat Customer,4367.67,Loyal
13591.0,4,Repeat Customer,976.8100000000001,Repeat
13593.0,9,Repeat Customer,3486.61,Loyal
13594.0,1,First-Time Customer,136.35000000000002,One-Time
13595.0,3,Repeat Customer,818.22,Repeat
13597.0,2,Repeat Customer,396.71,Repeat
13598.0,4,Repeat Customer,609.42,Repeat
13599.0,14,Repeat Customer,5013.96,Loyal
13600.0,1,First-Time Customer,298.9,One-Time
13601.0,2,Repeat Customer,491.82,Repeat
13602.0,3,Repeat Customer,596.28,Repeat
13604.0,1,First-Time Customer,717.62,One-Time
13605.0,2,Repeat Customer,522.67,Repeat
13607.0,1,First-Time Customer,400.3,One-Time
13608.0,1,First-Time Customer,236.2,One-Time
13609.0,1,First-Time Customer,167.35,One-Time
13610.0,7,Repeat Customer,1044.0,Loyal
13611.0,7,Repeat Customer,2147.73,Loyal
13612.0,1,First-Time Customer,818.29,One-Time
13613.0,5,Repeat Customer,1039.8500000000001,Loyal
13614.0,2,Repeat Customer,748.73,Repeat
13615.0,7,Repeat Customer,5854.84,Loyal
13616.0,2,Repeat Customer,288.1,Repeat
13617.0,5,Repeat Customer,734.57,Loyal
13619.0,2,Repeat Customer,231.69,Repeat
13620.0,1,First-Time Customer,112.34,One-Time
13622.0,1,First-Time Customer,658.95,One-Time
13623.0,5,Repeat Customer,1818.71,Loyal
13624.0,1,First-Time Customer,462.08,One-Time
13625.0,1,First-Time Customer,301.26,One-Time
13626.0,1,First-Time Customer,449.81,One-Time
13627.0,2,Repeat Customer,607.43,Repeat
13628.0,1,First-Time Customer,310.14,One-Time
13629.0,8,Repeat Customer,5578.5,Loyal
13632.0,3,Repeat Customer,1526.88,Repeat
13634.0,11,Repeat Customer,3498.31,Loyal
13635.0,3,Repeat Customer,1928.1299999999999,Repeat
13639.0,1,First-Time Customer,312.93,One-Time
13640.0,1,First-Time Customer,405.0,One-Time
13641.0,5,Repeat Customer,1016.47,Loyal
13642.0,3,Repeat Customer,159.92,Repeat
13643.0,7,Repeat Customer,1637.33,Loyal
13646.0,2,Repeat Customer,326.25,Repeat
13647.0,4,Repeat Customer,1393.56,Repeat
13648.0,8,Repeat Customer,1764.02,Loyal
13649.0,5,Repeat Customer,1332.28,Loyal
13650.0,4,Repeat Customer,1451.66,Repeat
13651.0,1,First-Time Customer,132.65,One-Time
13652.0,3,Repeat Customer,1475.77,Repeat
13653.0,1,First-Time Customer,152.2,One-Time
13654.0,5,Repeat Customer,3600.67,Loyal
13655.0,4,Repeat Customer,1347.54,Repeat
13656.0,2,Repeat Customer,699.2,Repeat
13658.0,4,Repeat Customer,3386.33,Repeat
13659.0,10,Repeat Customer,3321.68,Loyal
13660.0,1,First-Time Customer,314.59,One-Time
13661.0,1,First-Time Customer,325.24,One-Time
13662.0,8,Repeat Customer,1352.35,Loyal
13663.0,4,Repeat Customer,1858.04,Repeat
13665.0,3,Repeat Customer,1711.6599999999999,Repeat
13666.0,2,Repeat Customer,43.25,Repeat
13668.0,14,Repeat Customer,6726.35,Loyal
13669.0,1,First-Time Customer,195.0,One-Time
13671.0,1,First-Time Customer,194.95,One-Time
13672.0,1,First-Time Customer,233.53000000000003,One-Time
13674.0,1,First-Time Customer,240.68,One-Time
13676.0,2,Repeat Customer,243.9,Repeat
13677.0,2,Repeat Customer,556.1899999999999,Repeat
13679.0,3,Repeat Customer,281.26,Repeat
13680.0,8,Repeat Customer,7713.25,Loyal
13683.0,1,First-Time Customer,258.6,One-Time
13684.0,3,Repeat Customer,529.75,Repeat
13686.0,2,Repeat Customer,337.04,Repeat
13687.0,1,First-Time Customer,11880.84,One-Time
13688.0,1,First-Time Customer,375.5,One-Time
13689.0,1,First-Time Customer,349.5,One-Time
13691.0,1,First-Time Customer,212.78,One-Time
13692.0,2,Repeat Customer,1626.08,Repeat
13693.0,9,Repeat Customer,2011.82,Loyal
13694.0,94,Repeat Customer,131443.19,Loyal
13695.0,1,First-Time Customer,266.6,One-Time
13696.0,3,Repeat Customer,2020.4,Repeat
13698.0,2,Repeat Customer,465.53000000000003,Repeat
13699.0,1,First-Time Customer,455.57,One-Time
13700.0,3,Repeat Customer,348.34,Repeat
13701.0,1,First-Time Customer,161.0,One-Time
13702.0,1,First-Time Customer,135.18,One-Time
13703.0,1,First-Time Customer,326.06,One-Time
13705.0,5,Repeat Customer,1323.47,Loyal
13706.0,1,First-Time Customer,300.38,One-Time
13707.0,3,Repeat Customer,2559.45,Repeat
13709.0,5,Repeat Customer,1263.7,Loyal
13710.0,2,Repeat Customer,329.04,Repeat
13711.0,7,Repeat Customer,1540.2,Loyal
13712.0,1,First-Time Customer,537.58,One-Time
13713.0,3,Repeat Customer,743.26,Repeat
13714.0,1,First-Time Customer,161.35,One-Time
13715.0,13,Repeat Customer,7403.95,Loyal
13717.0,2,Repeat Customer,318.29,Repeat
13719.0,6,Repeat Customer,1773.57,Loyal
13721.0,1,First-Time Customer,217.39999999999998,One-Time
13722.0,7,Repeat Customer,3260.0,Loyal
13723.0,5,Repeat Customer,1009.35,Loyal
13724.0,1,First-Time Customer,213.01,One-Time
13727.0,6,Repeat Customer,746.57,Loyal
13728.0,10,Repeat Customer,1839.03,Loyal
13729.0,3,Repeat Customer,724.73,Repeat
13733.0,2,Repeat Customer,487.03000000000003,Repeat
13734.0,4,Repeat Customer,6701.640000000001,Repeat
13735.0,9,Repeat Customer,6927.9800000000005,Loyal
13736.0,5,Repeat Customer,2034.31,Loyal
13738.0,1,First-Time Customer,440.93,One-Time
13739.0,1,First-Time Customer,75.3,One-Time
13740.0,4,Repeat Customer,1247.02,Repeat
13745.0,1,First-Time Customer,477.32,One-Time
13746.0,1,First-Time Customer,176.69,One-Time
13747.0,2,Repeat Customer,169.79999999999998,Repeat
13748.0,5,Repeat Customer,1320.1,Loyal
13750.0,6,Repeat Customer,1954.92,Loyal
13752.0,1,First-Time Customer,404.45000000000005,One-Time
13753.0,3,Repeat Customer,1353.31,Repeat
13754.0,1,First-Time Customer,164.45000000000002,One-Time
13756.0,10,Repeat Customer,4017.9800000000005,Loyal
13757.0,1,First-Time Customer,195.55,One-Time
13758.0,10,Repeat Customer,6226.43,Loyal
13760.0,3,Repeat Customer,1076.85,Repeat
13761.0,4,Repeat Customer,881.52,Repeat
13762.0,4,Repeat Customer,2165.76,Repeat
13763.0,2,Repeat Customer,3502.48,Repeat
13764.0,3,Repeat Customer,1431.5,Repeat
13765.0,1,First-Time Customer,352.821,One-Time
13766.0,1,First-Time Customer,190.35,One-Time
13767.0,39,Repeat Customer,18320.170000000002,Loyal
13768.0,2,Repeat Customer,875.97,Repeat
13769.0,11,Repeat Customer,3003.9100000000003,Loyal
13770.0,4,Repeat Customer,785.37,Repeat
13771.0,5,Repeat Customer,3094.37,Loyal
13772.0,5,Repeat Customer,1982.09,Loyal
13773.0,2,Repeat Customer,301.54,Repeat
13775.0,1,First-Time Customer,1049.66,One-Time
13776.0,2,Repeat Customer,623.98,Repeat
13777.0,37,Repeat Customer,30501.260000000002,Loyal
13778.0,3,Repeat Customer,945.79,Repeat
13779.0,1,First-Time Customer,161.13,One-Time
13780.0,1,First-Time Customer,375.81,One-Time
13781.0,2,Repeat Customer,650.99,Repeat
13782.0,7,Repeat Customer,881.72,Loyal
13783.0,4,Repeat Customer,1542.09,Repeat
13784.0,3,Repeat Customer,447.44,Repeat
13785.0,4,Repeat Customer,542.49,Repeat
13786.0,6,Repeat Customer,3128.54,Loyal
13787.0,4,Repeat Customer,913.46,Repeat
13788.0,1,First-Time Customer,3.75,One-Time
13789.0,1,First-Time Customer,239.45999999999998,One-Time
13792.0,1,First-Time Customer,188.4,One-Time
13793.0,1,First-Time Customer,96.0,One-Time
13794.0,1,First-Time Customer,126.03,One-Time
13795.0,4,Repeat Customer,836.3,Repeat
13796.0,1,First-Time Customer,289.7,One-Time
13797.0,3,Repeat Customer,1179.45,Repeat
13798.0,54,Repeat Customer,38683.02,Loyal
13799.0,7,Repeat Customer,2114.71,Loyal
13800.0,2,Repeat Customer,1121.24,Repeat
13802.0,16,Repeat Customer,21659.69,Loyal
13803.0,2,Repeat Customer,1061.84,Repeat
13804.0,2,Repeat Customer,572.73,Repeat
13807.0,3,Repeat Customer,422.2,Repeat
13809.0,2,Repeat Customer,524.65,Repeat
13813.0,4,Repeat Customer,1398.61,Repeat
13814.0,1,First-Time Customer,678.2,One-Time
13815.0,4,Repeat Customer,3448.38,Repeat
13818.0,1,First-Time Customer,61.28,One-Time
13819.0,3,Repeat Customer,1502.0,Repeat
13820.0,3,Repeat Customer,660.65,Repeat
13821.0,4,Repeat Customer,1025.09,Repeat
13823.0,5,Repeat Customer,2445.79,Loyal
13824.0,7,Repeat Customer,1615.82,Loyal
13825.0,2,Repeat Customer,255.59,Repeat
13829.0,1,First-Time Customer,102.0,One-Time
13830.0,1,First-Time Customer,156.85000000000002,One-Time
13831.0,13,Repeat Customer,4820.59,Loyal
13832.0,1,First-Time Customer,561.49,One-Time
13833.0,1,First-Time Customer,316.56,One-Time
13834.0,2,Repeat Customer,324.19,Repeat
13835.0,3,Repeat Customer,260.7,Repeat
13836.0,2,Repeat Customer,620.37,Repeat
13838.0,7,Repeat Customer,1274.3600000000001,Loyal
13839.0,1,First-Time Customer,139.95000000000002,One-Time
13840.0,1,First-Time Customer,651.4,One-Time
13842.0,10,Repeat Customer,2244.29,Loyal
13843.0,1,First-Time Customer,319.75,One-Time
13846.0,1,First-Time Customer,442.73,One-Time
13847.0,1,First-Time Customer,310.72,One-Time
13848.0,6,Repeat Customer,2080.0,Loyal
13849.0,3,Repeat Customer,1931.35,Repeat
13851.0,5,Repeat Customer,1955.0,Loyal
13852.0,1,First-Time Customer,187.35000000000002,One-Time
13854.0,15,Repeat Customer,4144.44,Loyal
13855.0,4,Repeat Customer,1310.3400000000001,Repeat
13856.0,8,Repeat Customer,753.53,Loyal
13857.0,6,Repeat Customer,1001.01,Loyal
13859.0,1,First-Time Customer,314.7,One-Time
13861.0,2,Repeat Customer,273.26,Repeat
13862.0,1,First-Time Customer,346.73,One-Time
13863.0,3,Repeat Customer,933.77,Repeat
13864.0,1,First-Time Customer,662.4000000000001,One-Time
13869.0,6,Repeat Customer,5006.62,Loyal
13870.0,7,Repeat Customer,2941.14,Loyal
13871.0,4,Repeat Customer,1482.6,Repeat
13872.0,3,Repeat Customer,919.57,Repeat
13873.0,5,Repeat Customer,649.32,Loyal
13874.0,6,Repeat Customer,1508.7,Loyal
13875.0,9,Repeat Customer,3027.58,Loyal
13877.0,2,Repeat Customer,332.44,Repeat
13878.0,3,Repeat Customer,1191.53,Repeat
13879.0,1,First-Time Customer,395.5,One-Time
13880.0,5,Repeat Customer,1171.89,Loyal
13881.0,23,Repeat Customer,28019.58,Loyal
13883.0,10,Repeat Customer,3885.54,Loyal
13884.0,5,Repeat Customer,1100.88,Loyal
13888.0,5,Repeat Customer,1563.42,Loyal
13889.0,5,Repeat Customer,1574.3300000000002,Loyal
13890.0,4,Repeat Customer,1043.57,Repeat
13891.0,3,Repeat Customer,863.5600000000001,Repeat
13892.0,2,Repeat Customer,634.68,Repeat
13895.0,2,Repeat Customer,1415.45,Repeat
13896.0,1,First-Time Customer,388.55,One-Time
13897.0,2,Repeat Customer,849.56,Repeat
13898.0,1,First-Time Customer,530.47,One-Time
13900.0,3,Repeat Customer,869.64,Repeat
13901.0,10,Repeat Customer,2809.14,Loyal
13902.0,5,Repeat Customer,34095.26,Loyal
13903.0,1,First-Time Customer,165.45000000000002,One-Time
13905.0,1,First-Time Customer,312.65,One-Time
13906.0,1,First-Time Customer,42.0,One-Time
13907.0,1,First-Time Customer,136.8,One-Time
13909.0,2,Repeat Customer,286.6,Repeat
13911.0,11,Repeat Customer,1654.08,Loyal
13912.0,1,First-Time Customer,124.95,One-Time
13913.0,1,First-Time Customer,42.22,One-Time
13915.0,1,First-Time Customer,70.80000000000001,One-Time
13916.0,4,Repeat Customer,1275.81,Repeat
13919.0,2,Repeat Customer,975.87,Repeat
13920.0,4,Repeat Customer,1774.68,Repeat
13921.0,4,Repeat Customer,730.7,Repeat
13922.0,2,Repeat Customer,692.95,Repeat
13927.0,1,First-Time Customer,359.27,One-Time
13929.0,9,Repeat Customer,2651.45,Loyal
13931.0,9,Repeat Customer,4019.85,Loyal
13935.0,3,Repeat Customer,6116.92,Repeat
13936.0,2,Repeat Customer,563.08,Repeat
13937.0,1,First-Time Customer,721.28,One-Time
13939.0,4,Repeat Customer,992.41,Repeat
13941.0,11,Repeat Customer,6009.34,Loyal
13942.0,1,First-Time Customer,320.0,One-Time
13943.0,1,First-Time Customer,246.54,One-Time
13944.0,1,First-Time Customer,200.43,One-Time
13945.0,2,Repeat Customer,854.15,Repeat
13946.0,3,Repeat Customer,1314.66,Repeat
13948.0,3,Repeat Customer,446.76,Repeat
13952.0,12,Repeat Customer,9572.45,Loyal
13953.0,5,Repeat Customer,3125.0,Loyal
13955.0,1,First-Time Customer,222.21,One-Time
13957.0,3,Repeat Customer,458.25,Repeat
13958.0,8,Repeat Customer,4709.2300000000005,Loyal
13959.0,3,Repeat Customer,477.98,Repeat
13961.0,1,First-Time Customer,538.4,One-Time
13962.0,1,First-Time Customer,193.25,One-Time
13963.0,14,Repeat Customer,2347.33,Loyal
13964.0,2,Repeat Customer,438.9,Repeat
13965.0,3,Repeat Customer,996.61,Repeat
13966.0,1,First-Time Customer,390.86,One-Time
13967.0,1,First-Time Customer,85.6,One-Time
13968.0,1,First-Time Customer,123.66,One-Time
13969.0,18,Repeat Customer,4311.93,Loyal
13970.0,2,Repeat Customer,846.55,Repeat
13971.0,6,Repeat Customer,1909.31,Loyal
13974.0,1,First-Time Customer,264.13,One-Time
13975.0,6,Repeat Customer,2832.56,Loyal
13976.0,3,Repeat Customer,834.38,Repeat
13977.0,1,First-Time Customer,519.8100000000001,One-Time
13979.0,6,Repeat Customer,2546.36,Loyal
13980.0,4,Repeat Customer,599.78,Repeat
13981.0,1,First-Time Customer,331.14,One-Time
13982.0,6,Repeat Customer,2573.7799999999997,Loyal
13983.0,10,Repeat Customer,4505.02,Loyal
13984.0,8,Repeat Customer,1128.09,Loyal
13985.0,7,Repeat Customer,2960.73,Loyal
13987.0,2,Repeat Customer,682.54,Repeat
13988.0,2,Repeat Customer,609.84,Repeat
13989.0,3,Repeat Customer,759.98,Repeat
13992.0,2,Repeat Customer,142.7,Repeat
13993.0,10,Repeat Customer,3309.35,Loyal
13995.0,9,Repeat Customer,2508.32,Loyal
13996.0,2,Repeat Customer,895.76,Repeat
13997.0,3,Repeat Customer,382.31,Repeat
13998.0,3,Repeat Customer,566.7,Repeat
13999.0,17,Repeat Customer,5600.45,Loyal
14000.0,4,Repeat Customer,1410.68,Repeat
14001.0,7,Repeat Customer,2487.01,Loyal
14003.0,1,First-Time Customer,209.41,One-Time
14004.0,4,Repeat Customer,1675.81,Repeat
14006.0,4,Repeat Customer,1234.48,Repeat
14007.0,1,First-Time Customer,79.48,One-Time
14008.0,1,First-Time Customer,509.04,One-Time
14009.0,1,First-Time Customer,404.3,One-Time
14010.0,2,Repeat Customer,445.15,Repeat
14011.0,2,Repeat Customer,457.82,Repeat
14013.0,2,Repeat Customer,611.5500000000001,Repeat
14014.0,2,Repeat Customer,1443.03,Repeat
14016.0,7,Repeat Customer,7062.2,Loyal
14017.0,1,First-Time Customer,229.75,One-Time
14018.0,1,First-Time Customer,367.15000000000003,One-Time
14020.0,2,Repeat Customer,606.21,Repeat
14021.0,4,Repeat Customer,1084.68,Repeat
14022.0,1,First-Time Customer,352.15000000000003,One-Time
14024.0,1,First-Time Customer,318.04,One-Time
14025.0,8,Repeat Customer,4057.9,Loyal
14026.0,2,Repeat Customer,713.11,Repeat
14028.0,3,Repeat Customer,10396.5,Repeat
14030.0,14,Repeat Customer,5902.2,Loyal
14031.0,27,Repeat Customer,23712.31,Loyal
14032.0,6,Repeat Customer,1874.68,Loyal
14033.0,1,First-Time Customer,109.44,One-Time
14035.0,4,Repeat Customer,1428.7,Repeat
14037.0,4,Repeat Customer,689.75,Repeat
14038.0,2,Repeat Customer,1509.5,Repeat
14039.0,1,First-Time Customer,115.08000000000001,One-Time
14040.0,23,Repeat Customer,9030.65,Loyal
14042.0,1,First-Time Customer,431.98,One-Time
14043.0,2,Repeat Customer,304.25,Repeat
14044.0,6,Repeat Customer,2470.28,Loyal
14045.0,13,Repeat Customer,9653.279999999999,Loyal
14047.0,10,Repeat Customer,2946.42,Loyal
14048.0,2,Repeat Customer,338.76,Repeat
14049.0,9,Repeat Customer,7557.3099999999995,Loyal
14051.0,15,Repeat Customer,6823.610000000001,Loyal
14052.0,1,First-Time Customer,255.45,One-Time
14053.0,2,Repeat Customer,312.05,Repeat
14055.0,2,Repeat Customer,795.3199999999999,Repeat
14057.0,5,Repeat Customer,2190.88,Loyal
14058.0,2,Repeat Customer,469.19,Repeat
14060.0,13,Repeat Customer,3378.66,Loyal
14061.0,3,Repeat Customer,917.4300000000001,Repeat
14062.0,12,Repeat Customer,15139.35,Loyal
14063.0,9,Repeat Customer,22710.2,Loyal
14064.0,10,Repeat Customer,1978.68,Loyal
14065.0,3,Repeat Customer,891.02,Repeat
14068.0,3,Repeat Customer,1262.52,Repeat
14069.0,2,Repeat Customer,230.06,Repeat
14070.0,1,First-Time Customer,326.55,One-Time
14072.0,1,First-Time Customer,390.85,One-Time
14074.0,1,First-Time Customer,219.39999999999998,One-Time
14075.0,3,Repeat Customer,792.61,Repeat
14077.0,1,First-Time Customer,115.66,One-Time
14078.0,4,Repeat Customer,643.26,Repeat
14079.0,1,First-Time Customer,243.63,One-Time
14080.0,4,Repeat Customer,1070.08,Repeat
14081.0,9,Repeat Customer,4435.58,Loyal
14082.0,1,First-Time Customer,231.10999999999999,One-Time
14083.0,3,Repeat Customer,388.83,Repeat
14084.0,1,First-Time Customer,150.5,One-Time
14085.0,16,Repeat Customer,5656.43,Loyal
14086.0,1,First-Time Customer,39.95,One-Time
14087.0,2,Repeat Customer,651.8,Repeat
14088.0,3,Repeat Customer,13544.99,Repeat
14091.0,2,Repeat Customer,9530.08,Repeat
14092.0,10,Repeat Customer,3152.54,Loyal
14094.0,1,First-Time Customer,335.22,One-Time
14095.0,1,First-Time Customer,2.95,One-Time
14097.0,2,Repeat Customer,422.85999999999996,Repeat
14099.0,9,Repeat Customer,2661.54,Loyal
14101.0,7,Repeat Customer,3985.14,Loyal
14104.0,3,Repeat Customer,555.37,Repeat
14105.0,4,Repeat Customer,4722.6,Repeat
14106.0,1,First-Time Customer,214.79999999999998,One-Time
14107.0,4,Repeat Customer,2174.07,Repeat
14108.0,2,Repeat Customer,447.05,Repeat
14110.0,21,Repeat Customer,7304.8,Loyal
14112.0,6,Repeat Customer,2919.44,Loyal
14113.0,12,Repeat Customer,5252.1900000000005,Loyal
14114.0,5,Repeat Customer,977.5600000000001,Loyal
14115.0,2,Repeat Customer,622.6700000000001,Repeat
14118.0,1,First-Time Customer,458.45,One-Time
14119.0,2,Repeat Customer,183.37,Repeat
14122.0,3,Repeat Customer,362.42,Repeat
14123.0,1,First-Time Customer,436.18,One-Time
14126.0,1,First-Time Customer,466.33000000000004,One-Time
14127.0,3,Repeat Customer,1190.3700000000001,Repeat
14128.0,1,First-Time Customer,286.71,One-Time
14129.0,4,Repeat Customer,1467.48,Repeat
14130.0,3,Repeat Customer,1398.81,Repeat
14131.0,1,First-Time Customer,187.87,One-Time
14133.0,1,First-Time Customer,305.5,One-Time
14134.0,15,Repeat Customer,11123.35,Loyal
14135.0,11,Repeat Customer,4953.61,Loyal
14136.0,5,Repeat Customer,1570.81,Loyal
14137.0,1,First-Time Customer,332.7,One-Time
14139.0,3,Repeat Customer,670.98,Repeat
14142.0,2,Repeat Customer,671.34,Repeat
14144.0,1,First-Time Customer,30.599999999999998,One-Time
14145.0,3,Repeat Customer,3857.85,Repeat
14146.0,7,Repeat Customer,5259.3,Loyal
14147.0,7,Repeat Customer,2106.8,Loyal
14148.0,1,First-Time Customer,309.09000000000003,One-Time
14151.0,2,Repeat Customer,679.45,Repeat
14152.0,5,Repeat Customer,1376.05,Loyal
14153.0,1,First-Time Customer,233.4,One-Time
14154.0,6,Repeat Customer,5115.08,Loyal
14156.0,102,Repeat Customer,196566.74,Loyal
14157.0,3,Repeat Customer,569.9,Repeat
14159.0,9,Repeat Customer,3245.0,Loyal
14160.0,7,Repeat Customer,8421.47,Loyal
14161.0,5,Repeat Customer,2208.36,Loyal
14163.0,1,First-Time Customer,148.71,One-Time
14166.0,2,Repeat Customer,256.85,Repeat
14167.0,4,Repeat Customer,721.65,Repeat
14168.0,2,Repeat Customer,370.45,Repeat
14169.0,2,Repeat Customer,624.4300000000001,Repeat
14170.0,3,Repeat Customer,597.33,Repeat
14171.0,1,First-Time Customer,135.0,One-Time
14172.0,3,Repeat Customer,402.72,Repeat
14173.0,2,Repeat Customer,135.16,Repeat
14175.0,5,Repeat Customer,4456.58,Loyal
14176.0,2,Repeat Customer,339.11,Repeat
14177.0,9,Repeat Customer,1669.93,Loyal
14180.0,9,Repeat Customer,1570.73,Loyal
14181.0,2,Repeat Customer,310.55,Repeat
14182.0,4,Repeat Customer,678.77,Repeat
14183.0,2,Repeat Customer,286.29,Repeat
14186.0,5,Repeat Customer,1550.63,Loyal
14187.0,1,First-Time Customer,123.5,One-Time
14189.0,2,Repeat Customer,1160.31,Repeat
14190.0,1,First-Time Customer,79.9,One-Time
14191.0,2,Repeat Customer,132.9,Repeat
14192.0,1,First-Time Customer,293.74,One-Time
14193.0,1,First-Time Customer,356.8,One-Time
14194.0,15,Repeat Customer,7321.07,Loyal
14195.0,4,Repeat Customer,1603.6,Repeat
14197.0,1,First-Time Customer,390.05,One-Time
14198.0,5,Repeat Customer,868.33,Loyal
14199.0,3,Repeat Customer,906.3,Repeat
14200.0,1,First-Time Customer,379.2,One-Time
14201.0,3,Repeat Customer,446.1,Repeat
14202.0,3,Repeat Customer,847.76,Repeat
14203.0,1,First-Time Customer,339.34,One-Time
14204.0,3,Repeat Customer,901.9300000000001,Repeat
14205.0,7,Repeat Customer,1947.5,Loyal
14206.0,2,Repeat Customer,856.85,Repeat
14207.0,1,First-Time Customer,157.8,One-Time
14208.0,1,First-Time Customer,415.31,One-Time
14209.0,9,Repeat Customer,2919.84,Loyal
14210.0,11,Repeat Customer,3955.6800000000003,Loyal
14211.0,9,Repeat Customer,2161.19,Loyal
14212.0,1,First-Time Customer,1119.6599999999999,One-Time
14213.0,1,First-Time Customer,1192.2,One-Time
14215.0,4,Repeat Customer,1626.61,Repeat
14216.0,1,First-Time Customer,310.74,One-Time
14217.0,7,Repeat Customer,1411.91,Loyal
14219.0,2,Repeat Customer,543.89,Repeat
14220.0,2,Repeat Customer,882.5999999999999,Repeat
14221.0,8,Repeat Customer,3084.69,Loyal
14224.0,5,Repeat Customer,847.78,Loyal
14225.0,4,Repeat Customer,2037.02,Repeat
14226.0,1,First-Time Customer,770.34,One-Time
14227.0,5,Repeat Customer,3017.75,Loyal
14228.0,3,Repeat Customer,745.5,Repeat
14229.0,4,Repeat Customer,1046.84,Repeat
14230.0,3,Repeat Customer,979.8000000000001,Repeat
14231.0,1,First-Time Customer,309.91,One-Time
14233.0,3,Repeat Customer,1441.55,Repeat
14235.0,4,Repeat Customer,1573.1299999999999,Repeat
14236.0,4,Repeat Customer,1253.78,Repeat
14237.0,2,Repeat Customer,471.14,Repeat
14238.0,2,Repeat Customer,287.38,Repeat
14239.0,10,Repeat Customer,1882.3200000000002,Loyal
14240.0,1,First-Time Customer,357.15,One-Time
14241.0,1,First-Time Customer,120.0,One-Time
14243.0,8,Repeat Customer,4842.28,Loyal
14244.0,1,First-Time Customer,366.41999999999996,One-Time
14247.0,4,Repeat Customer,635.89,Repeat
14248.0,2,Repeat Customer,730.37,Repeat
14249.0,12,Repeat Customer,5625.461,Loyal
14252.0,1,First-Time Customer,350.99,One-Time
14253.0,2,Repeat Customer,363.40000000000003,Repeat
14254.0,1,First-Time Customer,601.03,One-Time
14255.0,1,First-Time Customer,1000.63,One-Time
14256.0,3,Repeat Customer,1504.93,Repeat
14257.0,4,Repeat Customer,2854.73,Repeat
14258.0,16,Repeat Customer,19381.36,Loyal
14260.0,3,Repeat Customer,824.28,Repeat
14263.0,1,First-Time Customer,322.93,One-Time
14264.0,4,Repeat Customer,1183.39,Repeat
14265.0,2,Repeat Customer,843.17,Repeat
14266.0,1,First-Time Customer,40.56,One-Time
14268.0,1,First-Time Customer,354.85,One-Time
14269.0,1,First-Time Customer,295.73,One-Time
14271.0,1,First-Time Customer,106.81,One-Time
14272.0,2,Repeat Customer,482.85,Repeat
14274.0,1,First-Time Customer,256.6,One-Time
14275.0,6,Repeat Customer,1189.3799999999999,Loyal
14276.0,4,Repeat Customer,982.94,Repeat
14277.0,6,Repeat Customer,13009.61,Loyal
14278.0,1,First-Time Customer,205.83,One-Time
14279.0,2,Repeat Customer,191.86,Repeat
14281.0,1,First-Time Customer,245.15,One-Time
14282.0,11,Repeat Customer,4120.32,Loyal
14283.0,4,Repeat Customer,628.4399999999999,Repeat
14284.0,1,First-Time Customer,704.4,One-Time
14285.0,4,Repeat Customer,1374.41,Repeat
14286.0,4,Repeat Customer,3851.0099999999998,Repeat
14290.0,3,Repeat Customer,2201.91,Repeat
14291.0,12,Repeat Customer,4020.85,Loyal
14292.0,7,Repeat Customer,4354.32,Loyal
14293.0,6,Repeat Customer,2221.37,Loyal
14294.0,1,First-Time Customer,375.34,One-Time
14295.0,4,Repeat Customer,2196.71,Repeat
14296.0,2,Repeat Customer,456.40000000000003,Repeat
14298.0,38,Repeat Customer,39667.19,Loyal
14299.0,19,Repeat Customer,10533.87,Loyal
14301.0,3,Repeat Customer,1352.04,Repeat
14302.0,3,Repeat Customer,742.9000000000001,Repeat
14303.0,2,Repeat Customer,277.94,Repeat
14304.0,2,Repeat Customer,1341.56,Repeat
14306.0,4,Repeat Customer,1058.0800000000002,Repeat
14307.0,5,Repeat Customer,2075.31,Loyal
14308.0,2,Repeat Customer,1147.02,Repeat
14309.0,2,Repeat Customer,1428.28,Repeat
14310.0,1,First-Time Customer,492.1,One-Time
14311.0,1,First-Time Customer,206.19,One-Time
14312.0,5,Repeat Customer,1478.7,Loyal
14314.0,1,First-Time Customer,109.80000000000001,One-Time
14315.0,2,Repeat Customer,716.69,Repeat
14316.0,5,Repeat Customer,1370.34,Loyal
14318.0,1,First-Time Customer,158.02,One-Time
14319.0,1,First-Time Customer,494.85,One-Time
14320.0,3,Repeat Customer,868.96,Repeat
14321.0,2,Repeat Customer,687.3100000000001,Repeat
14322.0,4,Repeat Customer,474.1,Repeat
14324.0,2,Repeat Customer,701.61,Repeat
14325.0,1,First-Time Customer,245.48000000000002,One-Time
14326.0,2,Repeat Customer,757.13,Repeat
14327.0,5,Repeat Customer,1583.28,Loyal
14328.0,1,First-Time Customer,445.05,One-Time
14329.0,8,Repeat Customer,4912.38,Loyal
14330.0,1,First-Time Customer,200.63,One-Time
14332.0,2,Repeat Customer,1077.2,Repeat
14334.0,4,Repeat Customer,1766.27,Repeat
14338.0,1,First-Time Customer,339.88,One-Time
14339.0,1,First-Time Customer,310.75,One-Time
14341.0,10,Repeat Customer,2285.04,Loyal
14342.0,2,Repeat Customer,249.88,Repeat
14343.0,4,Repeat Customer,1088.91,Repeat
14344.0,14,Repeat Customer,2443.77,Loyal
14346.0,3,Repeat Customer,1294.17,Repeat
14347.0,1,First-Time Customer,82.6,One-Time
14350.0,2,Repeat Customer,689.1,Repeat
14353.0,2,Repeat Customer,285.9,Repeat
14355.0,3,Repeat Customer,840.0500000000001,Repeat
14358.0,2,Repeat Customer,400.06,Repeat
14361.0,1,First-Time Customer,214.70999999999998,One-Time
14363.0,2,Repeat Customer,227.47000000000003,Repeat
14365.0,2,Repeat Customer,634.68,Repeat
14366.0,1,First-Time Customer,136.0,One-Time
14369.0,2,Repeat Customer,469.13,Repeat
14370.0,6,Repeat Customer,1175.78,Loyal
14372.0,2,Repeat Customer,860.08,Repeat
14374.0,1,First-Time Customer,108.0,One-Time
14375.0,2,Repeat Customer,875.31,Repeat
14376.0,1,First-Time Customer,215.46,One-Time
14378.0,1,First-Time Customer,131.25,One-Time
14379.0,2,Repeat Customer,920.81,Repeat
14380.0,1,First-Time Customer,48.96,One-Time
14381.0,1,First-Time Customer,428.65999999999997,One-Time
14382.0,1,First-Time Customer,620.73,One-Time
14384.0,1,First-Time Customer,58.5,One-Time
14388.0,9,Repeat Customer,3488.16,Loyal
14389.0,3,Repeat Customer,854.55,Repeat
14390.0,5,Repeat Customer,1747.01,Loyal
14391.0,1,First-Time Customer,135.6,One-Time
14392.0,1,First-Time Customer,266.4,One-Time
14394.0,1,First-Time Customer,93.8,One-Time
14395.0,12,Repeat Customer,4700.3,Loyal
14396.0,6,Repeat Customer,1633.94,Loyal
14398.0,2,Repeat Customer,707.79,Repeat
14399.0,8,Repeat Customer,2113.16,Loyal
14400.0,2,Repeat Customer,1157.77,Repeat
14401.0,9,Repeat Customer,2744.42,Loyal
14402.0,1,First-Time Customer,285.6,One-Time
14403.0,2,Repeat Customer,404.7,Repeat
14404.0,8,Repeat Customer,1424.79,Loyal
14405.0,1,First-Time Customer,195.0,One-Time
14408.0,4,Repeat Customer,1503.2400000000002,Repeat
14409.0,5,Repeat Customer,1696.64,Loyal
14410.0,2,Repeat Customer,1546.07,Repeat
14412.0,1,First-Time Customer,656.16,One-Time
14413.0,3,Repeat Customer,647.67,Repeat
14414.0,1,First-Time Customer,902.35,One-Time
14415.0,10,Repeat Customer,6191.32,Loyal
14417.0,1,First-Time Customer,604.2,One-Time
14419.0,1,First-Time Customer,202.85,One-Time
14420.0,3,Repeat Customer,1251.65,Repeat
14421.0,4,Repeat Customer,1656.26,Repeat
14422.0,13,Repeat Customer,6007.88,Loyal
14423.0,2,Repeat Customer,651.41,Repeat
14425.0,3,Repeat Customer,661.39,Repeat
14426.0,7,Repeat Customer,7246.27,Loyal
14427.0,2,Repeat Customer,900.1800000000001,Repeat
14429.0,1,First-Time Customer,516.28,One-Time
14430.0,3,Repeat Customer,1220.9,Repeat
14431.0,3,Repeat Customer,2143.84,Repeat
14433.0,1,First-Time Customer,289.6,One-Time
14435.0,1,First-Time Customer,90.42,One-Time
14436.0,1,First-Time Customer,182.64000000000001,One-Time
14437.0,5,Repeat Customer,895.84,Loyal
14439.0,4,Repeat Customer,6781.8,Repeat
14440.0,9,Repeat Customer,4281.05,Loyal
14441.0,7,Repeat Customer,2898.8,Loyal
14442.0,5,Repeat Customer,3777.2,Loyal
14443.0,2,Repeat Customer,966.27,Repeat
14444.0,1,First-Time Customer,132.04,One-Time
14445.0,1,First-Time Customer,221.65,One-Time
14446.0,1,First-Time Customer,201.73,One-Time
14447.0,1,First-Time Customer,548.5,One-Time
14449.0,5,Repeat Customer,1575.7,Loyal
14450.0,4,Repeat Customer,645.19,Repeat
14451.0,10,Repeat Customer,2646.18,Loyal
14452.0,2,Repeat Customer,401.15,Repeat
14454.0,5,Repeat Customer,977.3,Loyal
14455.0,4,Repeat Customer,628.21,Repeat
14458.0,1,First-Time Customer,237.42,One-Time
14459.0,1,First-Time Customer,3537.821,One-Time
14460.0,6,Repeat Customer,659.16,Loyal
14461.0,10,Repeat Customer,4610.44,Loyal
14462.0,1,First-Time Customer,265.99,One-Time
14463.0,1,First-Time Customer,256.95,One-Time
14464.0,2,Repeat Customer,111.0,Repeat
14465.0,8,Repeat Customer,2887.4100000000003,Loyal
14466.0,7,Repeat Customer,2374.5,Loyal
14467.0,8,Repeat Customer,1622.23,Loyal
14468.0,1,First-Time Customer,204.24,One-Time
14469.0,4,Repeat Customer,2112.21,Repeat
14470.0,1,First-Time Customer,250.85,One-Time
14471.0,2,Repeat Customer,400.95,Repeat
14472.0,1,First-Time Customer,291.38,One-Time
14474.0,1,First-Time Customer,730.42,One-Time
14475.0,1,First-Time Customer,225.3,One-Time
14477.0,3,Repeat Customer,660.0,Repeat
14478.0,4,Repeat Customer,1276.66,Repeat
14479.0,3,Repeat Customer,982.86,Repeat
14480.0,3,Repeat Customer,1020.47,Repeat
14481.0,3,Repeat Customer,1674.98,Repeat
14482.0,6,Repeat Customer,2289.76,Loyal
14483.0,1,First-Time Customer,120.0,One-Time
14484.0,3,Repeat Customer,749.0600000000001,Repeat
14486.0,2,Repeat Customer,175.5,Repeat
14487.0,2,Repeat Customer,257.28000000000003,Repeat
14489.0,3,Repeat Customer,1111.55,Repeat
14490.0,2,Repeat Customer,1273.47,Repeat
14491.0,1,First-Time Customer,127.2,One-Time
14492.0,7,Repeat Customer,1921.91,Loyal
14493.0,5,Repeat Customer,2746.91,Loyal
14494.0,2,Repeat Customer,261.9,Repeat
14495.0,1,First-Time Customer,51.0,One-Time
14496.0,6,Repeat Customer,2129.42,Loyal
14497.0,1,First-Time Customer,221.69,One-Time
14498.0,5,Repeat Customer,1953.95,Loyal
14499.0,4,Repeat Customer,1323.65,Repeat
14505.0,11,Repeat Customer,6096.2,Loyal
14506.0,3,Repeat Customer,1278.5,Repeat
14507.0,5,Repeat Customer,1901.25,Loyal
14508.0,3,Repeat Customer,598.52,Repeat
14509.0,1,First-Time Customer,110.95,One-Time
14510.0,3,Repeat Customer,1007.28,Repeat
14512.0,5,Repeat Customer,948.19,Loyal
14513.0,3,Repeat Customer,332.42,Repeat
14514.0,6,Repeat Customer,3543.63,Loyal
14515.0,6,Repeat Customer,1647.17,Loyal
14516.0,1,First-Time Customer,163.92,One-Time
14519.0,2,Repeat Customer,206.09,Repeat
14521.0,1,First-Time Customer,199.45000000000002,One-Time
14522.0,4,Repeat Customer,784.08,Repeat
14524.0,4,Repeat Customer,1066.03,Repeat
14525.0,8,Repeat Customer,3908.44,Loyal
14526.0,1,First-Time Customer,262.4,One-Time
14527.0,69,Repeat Customer,19283.48,Loyal
14530.0,10,Repeat Customer,3271.4900000000002,Loyal
14531.0,1,First-Time Customer,376.34,One-Time
14532.0,7,Repeat Customer,2926.33,Loyal
14533.0,4,Repeat Customer,1516.65,Repeat
14534.0,8,Repeat Customer,1824.06,Loyal
14535.0,6,Repeat Customer,3166.54,Loyal
14537.0,1,First-Time Customer,285.84000000000003,One-Time
14538.0,3,Repeat Customer,982.59,Repeat
14540.0,8,Repeat Customer,2799.08,Loyal
14541.0,6,Repeat Customer,1038.03,Loyal
14543.0,23,Repeat Customer,11276.44,Loyal
14544.0,1,First-Time Customer,957.98,One-Time
14545.0,1,First-Time Customer,349.25,One-Time
14546.0,6,Repeat Customer,2619.81,Loyal
14548.0,7,Repeat Customer,1974.69,Loyal
14549.0,3,Repeat Customer,627.3100000000001,Repeat
14550.0,2,Repeat Customer,587.69,Repeat
14551.0,5,Repeat Customer,693.81,Loyal
14552.0,2,Repeat Customer,346.21,Repeat
14553.0,4,Repeat Customer,982.27,Repeat
14555.0,4,Repeat Customer,1991.49,Repeat
14556.0,3,Repeat Customer,835.34,Repeat
14558.0,3,Repeat Customer,655.5,Repeat
14559.0,1,First-Time Customer,75.6,One-Time
14560.0,22,Repeat Customer,3876.2599999999998,Loyal
14562.0,8,Repeat Customer,1654.63,Loyal
14563.0,2,Repeat Customer,679.44,Repeat
14564.0,2,Repeat Customer,2605.62,Repeat
14565.0,1,First-Time Customer,760.1,One-Time
14566.0,3,Repeat Customer,2660.0,Repeat
14568.0,1,First-Time Customer,919.7,One-Time
14569.0,3,Repeat Customer,371.59,Repeat
14570.0,1,First-Time Customer,395.69,One-Time
14571.0,1,First-Time Customer,161.65,One-Time
14572.0,4,Repeat Customer,2782.34,Repeat
14573.0,5,Repeat Customer,968.0,Loyal
14574.0,1,First-Time Customer,143.70000000000002,One-Time
14575.0,1,First-Time Customer,460.71,One-Time
14576.0,1,First-Time Customer,35.400000000000006,One-Time
14577.0,3,Repeat Customer,514.54,Repeat
14579.0,1,First-Time Customer,105.56,One-Time
14580.0,1,First-Time Customer,14.850000000000001,One-Time
14581.0,1,First-Time Customer,295.2,One-Time
14583.0,3,Repeat Customer,728.48,Repeat
14584.0,4,Repeat Customer,705.65,Repeat
14585.0,4,Repeat Customer,986.22,Repeat
14588.0,1,First-Time Customer,135.39,One-Time
14589.0,1,First-Time Customer,39.75,One-Time
14590.0,20,Repeat Customer,3006.62,Loyal
14593.0,9,Repeat Customer,3094.02,Loyal
14594.0,1,First-Time Customer,255.0,One-Time
14595.0,2,Repeat Customer,423.85,Repeat
14596.0,1,First-Time Customer,229.47,One-Time
14597.0,4,Repeat Customer,1318.3899999999999,Repeat
14598.0,1,First-Time Customer,162.07,One-Time
14599.0,2,Repeat Customer,474.54,Repeat
14600.0,1,First-Time Customer,471.84000000000003,One-Time
14602.0,1,First-Time Customer,205.35999999999999,One-Time
14604.0,1,First-Time Customer,143.85999999999999,One-Time
14605.0,4,Repeat Customer,937.16,Repeat
14606.0,102,Repeat Customer,18704.41,Loyal
14607.0,8,Repeat Customer,7568.13,Loyal
14608.0,7,Repeat Customer,1567.79,Loyal
14609.0,6,Repeat Customer,884.64,Loyal
14610.0,2,Repeat Customer,24.35,Repeat
14611.0,2,Repeat Customer,604.3299999999999,Repeat
14612.0,1,First-Time Customer,877.7,One-Time
14613.0,1,First-Time Customer,76.32000000000001,One-Time
14614.0,1,First-Time Customer,295.13,One-Time
14615.0,5,Repeat Customer,951.76,Loyal
14616.0,2,Repeat Customer,121.7,Repeat
14617.0,2,Repeat Customer,190.47000000000003,Repeat
14618.0,4,Repeat Customer,788.88,Repeat
14619.0,1,First-Time Customer,896.8000000000001,One-Time
14621.0,4,Repeat Customer,1212.21,Repeat
14623.0,5,Repeat Customer,1170.33,Loyal
14624.0,4,Repeat Customer,588.22,Repeat
14625.0,9,Repeat Customer,3598.25,Loyal
14626.0,7,Repeat Customer,2619.65,Loyal
14627.0,1,First-Time Customer,462.75,One-Time
14628.0,3,Repeat Customer,1326.04,Repeat
14630.0,1,First-Time Customer,338.65,One-Time
14631.0,3,Repeat Customer,1018.71,Repeat
14634.0,4,Repeat Customer,2124.46,Repeat
14635.0,1,First-Time Customer,215.22,One-Time
14637.0,1,First-Time Customer,106.67999999999999,One-Time
14639.0,3,Repeat Customer,1994.47,Repeat
14640.0,4,Repeat Customer,1541.98,Repeat
14643.0,3,Repeat Customer,986.08,Repeat
14644.0,5,Repeat Customer,1416.96,Loyal
14645.0,1,First-Time Customer,279.8,One-Time
14646.0,78,Repeat Customer,248396.5,Loyal
14647.0,1,First-Time Customer,276.75,One-Time
14648.0,15,Repeat Customer,4546.86,Loyal
14649.0,5,Repeat Customer,2358.02,Loyal
14650.0,1,First-Time Customer,62.5,One-Time
14651.0,7,Repeat Customer,1379.52,Loyal
14653.0,5,Repeat Customer,1666.99,Loyal
14654.0,1,First-Time Customer,246.86,One-Time
14655.0,3,Repeat Customer,1946.28,Repeat
14656.0,3,Repeat Customer,523.6,Repeat
14657.0,2,Repeat Customer,612.65,Repeat
14662.0,3,Repeat Customer,645.16,Repeat
14663.0,2,Repeat Customer,490.6,Repeat
14665.0,2,Repeat Customer,913.95,Repeat
14667.0,31,Repeat Customer,12685.94,Loyal
14668.0,1,First-Time Customer,111.63,One-Time
14669.0,4,Repeat Customer,1973.94,Repeat
14670.0,1,First-Time Customer,190.47,One-Time
14671.0,2,Repeat Customer,1127.45,Repeat
14672.0,2,Repeat Customer,347.59,Repeat
14673.0,3,Repeat Customer,1674.41,Repeat
14674.0,1,First-Time Customer,173.66,One-Time
14675.0,1,First-Time Customer,462.15,One-Time
14676.0,6,Repeat Customer,5808.55,Loyal
14677.0,1,First-Time Customer,184.91,One-Time
14678.0,1,First-Time Customer,403.39,One-Time
14679.0,3,Repeat Customer,1289.44,Repeat
14680.0,43,Repeat Customer,28658.66,Loyal
14681.0,3,Repeat Customer,376.20000000000005,Repeat
14682.0,4,Repeat Customer,1462.81,Repeat
14683.0,1,First-Time Customer,146.56,One-Time
14684.0,1,First-Time Customer,232.27,One-Time
14685.0,8,Repeat Customer,4619.79,Loyal
14686.0,5,Repeat Customer,885.83,Loyal
14687.0,2,Repeat Customer,773.6800000000001,Repeat
14688.0,8,Repeat Customer,2082.7,Loyal
14690.0,2,Repeat Customer,422.63,Repeat
14692.0,8,Repeat Customer,1153.54,Loyal
14693.0,6,Repeat Customer,992.46,Loyal
14694.0,1,First-Time Customer,244.31,One-Time
14695.0,3,Repeat Customer,1620.07,Repeat
14696.0,2,Repeat Customer,688.95,Repeat
14699.0,3,Repeat Customer,593.47,Repeat
14700.0,2,Repeat Customer,880.96,Repeat
14701.0,6,Repeat Customer,2012.72,Loyal
14702.0,13,Repeat Customer,3462.08,Loyal
14704.0,2,Repeat Customer,266.66,Repeat
14706.0,1,First-Time Customer,390.69,One-Time
14707.0,2,Repeat Customer,139.2,Repeat
14708.0,3,Repeat Customer,1085.91,Repeat
14709.0,12,Repeat Customer,3965.29,Loyal
14710.0,9,Repeat Customer,1316.46,Loyal
14712.0,1,First-Time Customer,411.0,One-Time
14713.0,11,Repeat Customer,2752.5099999999998,Loyal
14714.0,3,Repeat Customer,746.05,Repeat
14715.0,4,Repeat Customer,973.0699999999999,Repeat
14716.0,1,First-Time Customer,235.77,One-Time
14717.0,1,First-Time Customer,81.3,One-Time
14718.0,1,First-Time Customer,226.42,One-Time
14721.0,1,First-Time Customer,115.77,One-Time
14722.0,2,Repeat Customer,325.45,Repeat
14723.0,7,Repeat Customer,934.76,Loyal
14724.0,1,First-Time Customer,345.25,One-Time
14725.0,3,Repeat Customer,597.16,Repeat
14726.0,1,First-Time Customer,124.75,One-Time
14727.0,2,Repeat Customer,199.35,Repeat
14728.0,1,First-Time Customer,190.58,One-Time
14729.0,3,Repeat Customer,593.89,Repeat
14732.0,11,Repeat Customer,2814.58,Loyal
14733.0,4,Repeat Customer,6599.06,Repeat
14734.0,4,Repeat Customer,1056.42,Repeat
14735.0,24,Repeat Customer,6174.47,Loyal
14736.0,2,Repeat Customer,401.08,Repeat
14737.0,1,First-Time Customer,2389.62,One-Time
14738.0,2,Repeat Customer,507.45,Repeat
14739.0,19,Repeat Customer,8385.22,Loyal
14740.0,8,Repeat Customer,2712.85,Loyal
14741.0,2,Repeat Customer,497.25,Repeat
14742.0,1,First-Time Customer,579.85,One-Time
14743.0,1,First-Time Customer,50.48,One-Time
14744.0,8,Repeat Customer,2785.1,Loyal
14745.0,7,Repeat Customer,1351.55,Loyal
14746.0,4,Repeat Customer,593.5,Repeat
14748.0,7,Repeat Customer,1736.57,Loyal
14749.0,1,First-Time Customer,310.15,One-Time
14750.0,1,First-Time Customer,112.03,One-Time
14751.0,2,Repeat Customer,126.45,Repeat
14753.0,1,First-Time Customer,306.36,One-Time
14754.0,4,Repeat Customer,912.4300000000001,Repeat
14755.0,14,Repeat Customer,4962.27,Loyal
14756.0,2,Repeat Customer,1914.8,Repeat
14758.0,3,Repeat Customer,1380.9099999999999,Repeat
14761.0,1,First-Time Customer,192.02,One-Time
14762.0,1,First-Time Customer,117.05000000000001,One-Time
14766.0,6,Repeat Customer,4082.76,Loyal
14767.0,1,First-Time Customer,382.81,One-Time
14769.0,9,Repeat Customer,5097.13,Loyal
14770.0,6,Repeat Customer,2761.2200000000003,Loyal
14771.0,2,Repeat Customer,594.62,Repeat
14773.0,1,First-Time Customer,140.55,One-Time
14774.0,1,First-Time Customer,241.45,One-Time
14775.0,1,First-Time Customer,406.56,One-Time
14776.0,4,Repeat Customer,1170.0,Repeat
14777.0,1,First-Time Customer,307.56,One-Time
14783.0,1,First-Time Customer,307.3,One-Time
14784.0,1,First-Time Customer,159.94,One-Time
14786.0,1,First-Time Customer,90.96,One-Time
14787.0,1,First-Time Customer,110.65,One-Time
14788.0,1,First-Time Customer,476.88,One-Time
14790.0,6,Repeat Customer,1781.56,Loyal
14791.0,1,First-Time Customer,303.63,One-Time
14793.0,1,First-Time Customer,396.91,One-Time
14794.0,3,Repeat Customer,633.99,Repeat
14796.0,11,Repeat Customer,2867.15,Loyal
14797.0,1,First-Time Customer,300.31,One-Time
14798.0,5,Repeat Customer,550.5699999999999,Loyal
14799.0,1,First-Time Customer,180.45,One-Time
14800.0,6,Repeat Customer,3434.58,Loyal
14802.0,2,Repeat Customer,1502.98,Repeat
14805.0,3,Repeat Customer,549.99,Repeat
14806.0,1,First-Time Customer,110.03999999999999,One-Time
14807.0,2,Repeat Customer,519.29,Repeat
14809.0,2,Repeat Customer,686.76,Repeat
14810.0,3,Repeat Customer,449.14,Repeat
14811.0,1,First-Time Customer,170.5,One-Time
14812.0,1,First-Time Customer,185.8,One-Time
14813.0,4,Repeat Customer,935.44,Repeat
14814.0,1,First-Time Customer,160.46,One-Time
14817.0,5,Repeat Customer,2849.52,Loyal
14818.0,3,Repeat Customer,512.61,Repeat
14819.0,2,Repeat Customer,198.09,Repeat
14820.0,5,Repeat Customer,767.47,Loyal
14821.0,7,Repeat Customer,1237.65,Loyal
14822.0,1,First-Time Customer,157.70000000000002,One-Time
14824.0,6,Repeat Customer,2895.2000000000003,Loyal
14825.0,13,Repeat Customer,2698.17,Loyal
14826.0,2,Repeat Customer,385.2,Repeat
14828.0,10,Repeat Customer,7699.7,Loyal
14829.0,4,Repeat Customer,995.29,Repeat
14831.0,3,Repeat Customer,1676.57,Repeat
14832.0,1,First-Time Customer,322.69,One-Time
14833.0,1,First-Time Customer,94.8,One-Time
14834.0,1,First-Time Customer,485.86,One-Time
14835.0,2,Repeat Customer,297.0,Repeat
14837.0,5,Repeat Customer,1810.82,Loyal
14838.0,2,Repeat Customer,773.6700000000001,Repeat
14839.0,3,Repeat Customer,915.28,Repeat
14840.0,1,First-Time Customer,299.86,One-Time
14841.0,8,Repeat Customer,3867.2400000000002,Loyal
14843.0,1,First-Time Customer,211.79999999999998,One-Time
14844.0,6,Repeat Customer,3512.62,Loyal
14845.0,1,First-Time Customer,150.0,One-Time
14846.0,1,First-Time Customer,437.4,One-Time
14847.0,2,Repeat Customer,1039.55,Repeat
14848.0,1,First-Time Customer,310.56,One-Time
14849.0,21,Repeat Customer,7832.91,Loyal
14850.0,6,Repeat Customer,1468.26,Loyal
14851.0,1,First-Time Customer,318.06,One-Time
14852.0,12,Repeat Customer,3310.4900000000002,Loyal
14853.0,3,Repeat Customer,901.0699999999999,Repeat
14854.0,4,Repeat Customer,1563.03,Repeat
14855.0,5,Repeat Customer,5874.65,Loyal
14857.0,5,Repeat Customer,2478.731,Loyal
14858.0,1,First-Time Customer,180.75,One-Time
14859.0,1,First-Time Customer,351.9,One-Time
14861.0,9,Repeat Customer,1254.94,Loyal
14865.0,3,Repeat Customer,77.52000000000001,Repeat
14866.0,8,Repeat Customer,6460.32,Loyal
14867.0,13,Repeat Customer,2241.78,Loyal
14868.0,4,Repeat Customer,1230.42,Repeat
14869.0,4,Repeat Customer,2078.54,Repeat
14870.0,5,Repeat Customer,1511.7,Loyal
14871.0,5,Repeat Customer,736.59,Loyal
14872.0,3,Repeat Customer,816.6,Repeat
14873.0,1,First-Time Customer,334.45,One-Time
14874.0,1,First-Time Customer,116.18,One-Time
14875.0,1,First-Time Customer,1397.08,One-Time
14876.0,2,Repeat Customer,256.7,Repeat
14877.0,2,Repeat Customer,437.0,Repeat
14878.0,16,Repeat Customer,2619.7000000000003,Loyal
14879.0,1,First-Time Customer,185.06,One-Time
14882.0,12,Repeat Customer,3038.4500000000003,Loyal
14884.0,1,First-Time Customer,120.6,One-Time
14885.0,2,Repeat Customer,832.8,Repeat
14890.0,2,Repeat Customer,691.6,Repeat
14891.0,2,Repeat Customer,552.35,Repeat
14892.0,1,First-Time Customer,202.35000000000002,One-Time
14893.0,1,First-Time Customer,571.76,One-Time
14894.0,2,Repeat Customer,837.0600000000001,Repeat
14895.0,18,Repeat Customer,13980.83,Loyal
14896.0,7,Repeat Customer,1623.65,Loyal
14897.0,4,Repeat Customer,1774.16,Repeat
14898.0,9,Repeat Customer,2204.29,Loyal
14899.0,1,First-Time Customer,1384.88,One-Time
14900.0,1,First-Time Customer,13.919999999999998,One-Time
14901.0,5,Repeat Customer,868.36,Loyal
14902.0,2,Repeat Customer,702.96,Repeat
14904.0,2,Repeat Customer,615.2,Repeat
14905.0,6,Repeat Customer,1355.24,Loyal
14906.0,1,First-Time Customer,68.44,One-Time
14907.0,10,Repeat Customer,2664.69,Loyal
14908.0,1,First-Time Customer,104.10000000000001,One-Time
14909.0,3,Repeat Customer,1404.68,Repeat
14911.0,205,Repeat Customer,152147.57,Loyal
14912.0,4,Repeat Customer,1021.4,Repeat
14913.0,4,Repeat Customer,2845.7,Repeat
14915.0,9,Repeat Customer,1503.77,Loyal
14916.0,4,Repeat Customer,1773.97,Repeat
14917.0,2,Repeat Customer,1123.75,Repeat
14918.0,7,Repeat Customer,4345.66,Loyal
14919.0,1,First-Time Customer,359.35,One-Time
14920.0,1,First-Time Customer,629.4,One-Time
14922.0,2,Repeat Customer,843.74,Repeat
14924.0,2,Repeat Customer,620.96,Repeat
14926.0,2,Repeat Customer,359.4,Repeat
14927.0,1,First-Time Customer,308.2,One-Time
14928.0,1,First-Time Customer,223.91000000000003,One-Time
14929.0,1,First-Time Customer,612.8100000000001,One-Time
14930.0,3,Repeat Customer,2873.77,Repeat
14932.0,2,Repeat Customer,666.13,Repeat
14933.0,4,Repeat Customer,1770.0,Repeat
14934.0,3,Repeat Customer,1612.56,Repeat
14935.0,1,First-Time Customer,1065.12,One-Time
14936.0,4,Repeat Customer,4273.79,Repeat
14938.0,2,Repeat Customer,2322.43,Repeat
14940.0,2,Repeat Customer,531.49,Repeat
14941.0,1,First-Time Customer,182.1,One-Time
14942.0,4,Repeat Customer,746.56,Repeat
14943.0,1,First-Time Customer,107.62,One-Time
14944.0,7,Repeat Customer,3884.42,Loyal
14945.0,1,First-Time Customer,179.4,One-Time
14947.0,4,Repeat Customer,758.97,Repeat
14949.0,4,Repeat Customer,515.0,Repeat
14952.0,21,Repeat Customer,9529.86,Loyal
14953.0,3,Repeat Customer,723.95,Repeat
14954.0,1,First-Time Customer,167.27,One-Time
14955.0,1,First-Time Customer,163.77,One-Time
14956.0,1,First-Time Customer,1325.0,One-Time
14957.0,1,First-Time Customer,274.8,One-Time
14958.0,3,Repeat Customer,458.26,Repeat
14961.0,13,Repeat Customer,9365.47,Loyal
14962.0,3,Repeat Customer,240.21000000000004,Repeat
14963.0,7,Repeat Customer,1676.68,Loyal
14966.0,5,Repeat Customer,924.5200000000001,Loyal
14967.0,5,Repeat Customer,1518.81,Loyal
14968.0,1,First-Time Customer,357.4,One-Time
14969.0,1,First-Time Customer,906.23,One-Time
14970.0,8,Repeat Customer,3327.29,Loyal
14972.0,1,First-Time Customer,30.300000000000004,One-Time
14975.0,1,First-Time Customer,192.45,One-Time
14977.0,1,First-Time Customer,31.929999999999996,One-Time
14978.0,5,Repeat Customer,1210.72,Loyal
14979.0,1,First-Time Customer,439.46,One-Time
14980.0,1,First-Time Customer,150.68,One-Time
14981.0,1,First-Time Customer,270.8,One-Time
14982.0,1,First-Time Customer,237.78,One-Time
14983.0,1,First-Time Customer,183.20000000000002,One-Time
14984.0,4,Repeat Customer,1058.1399999999999,Repeat
14986.0,2,Repeat Customer,566.9,Repeat
14987.0,7,Repeat Customer,1387.4499999999998,Loyal
14988.0,6,Repeat Customer,1732.06,Loyal
14989.0,1,First-Time Customer,342.4,One-Time
14990.0,2,Repeat Customer,305.42,Repeat
14991.0,1,First-Time Customer,314.67,One-Time
14992.0,1,First-Time Customer,210.5,One-Time
14993.0,1,First-Time Customer,36.13,One-Time
14994.0,5,Repeat Customer,960.63,Loyal
14996.0,2,Repeat Customer,442.28999999999996,Repeat
14997.0,1,First-Time Customer,230.4,One-Time
14998.0,2,Repeat Customer,340.86,Repeat
14999.0,1,First-Time Customer,129.48000000000002,One-Time
15001.0,2,Repeat Customer,230.85999999999999,Repeat
15002.0,6,Repeat Customer,3175.52,Loyal
15003.0,6,Repeat Customer,1060.7,Loyal
15005.0,29,Repeat Customer,7789.63,Loyal
15006.0,1,First-Time Customer,323.05,One-Time
15008.0,2,Repeat Customer,360.0,Repeat
15011.0,2,Repeat Customer,416.6,Repeat
15012.0,2,Repeat Customer,437.58,Repeat
15013.0,10,Repeat Customer,1641.3,Loyal
15015.0,13,Repeat Customer,2365.02,Loyal
15016.0,4,Repeat Customer,460.26,Repeat
15018.0,1,First-Time Customer,111.25,One-Time
15020.0,1,First-Time Customer,203.42,One-Time
15021.0,4,Repeat Customer,869.01,Repeat
15022.0,1,First-Time Customer,281.05,One-Time
15023.0,10,Repeat Customer,5367.92,Loyal
15024.0,8,Repeat Customer,2414.18,Loyal
15025.0,1,First-Time Customer,636.08,One-Time
15026.0,2,Repeat Customer,592.61,Repeat
15027.0,6,Repeat Customer,2129.45,Loyal
15028.0,3,Repeat Customer,530.58,Repeat
15029.0,1,First-Time Customer,365.1,One-Time
15030.0,6,Repeat Customer,1461.63,Loyal
15031.0,10,Repeat Customer,2488.44,Loyal
15032.0,7,Repeat Customer,8821.55,Loyal
15034.0,6,Repeat Customer,4004.79,Loyal
15037.0,2,Repeat Customer,402.51,Repeat
15038.0,4,Repeat Customer,604.37,Repeat
15039.0,47,Repeat Customer,20116.99,Loyal
15040.0,1,First-Time Customer,7.49,One-Time
15041.0,1,First-Time Customer,113.67,One-Time
15042.0,1,First-Time Customer,179.52,One-Time
15043.0,5,Repeat Customer,2336.7999999999997,Loyal
15044.0,18,Repeat Customer,8504.1,Loyal
15046.0,10,Repeat Customer,2598.62,Loyal
15048.0,1,First-Time Customer,98.7,One-Time
15050.0,2,Repeat Customer,2411.7,Repeat
15051.0,6,Repeat Customer,2543.55,Loyal
15055.0,3,Repeat Customer,560.07,Repeat
15056.0,1,First-Time Customer,133.45,One-Time
15057.0,3,Repeat Customer,1766.46,Repeat
15058.0,5,Repeat Customer,1285.04,Loyal
15059.0,10,Repeat Customer,2185.85,Loyal
15061.0,86,Repeat Customer,83284.38,Loyal
15062.0,4,Repeat Customer,1597.76,Repeat
15064.0,4,Repeat Customer,1254.41,Repeat
15065.0,1,First-Time Customer,168.73,One-Time
15067.0,2,Repeat Customer,2133.12,Repeat
15068.0,2,Repeat Customer,623.49,Repeat
15070.0,3,Repeat Customer,737.0500000000001,Repeat
15071.0,2,Repeat Customer,473.49,Repeat
15072.0,1,First-Time Customer,187.51999999999998,One-Time
15073.0,5,Repeat Customer,1744.61,Loyal
15074.0,2,Repeat Customer,817.46,Repeat
15076.0,2,Repeat Customer,566.89,Repeat
15077.0,2,Repeat Customer,2428.08,Repeat
15078.0,23,Repeat Customer,8018.77,Loyal
15079.0,8,Repeat Customer,2871.74,Loyal
15080.0,2,Repeat Customer,546.25,Repeat
15081.0,8,Repeat Customer,1460.92,Loyal
15082.0,1,First-Time Customer,93.35000000000001,One-Time
15084.0,2,Repeat Customer,965.2,Repeat
15085.0,1,First-Time Customer,347.54,One-Time
15086.0,2,Repeat Customer,218.53,Repeat
15091.0,2,Repeat Customer,565.9,Repeat
15092.0,1,First-Time Customer,318.65,One-Time
15093.0,18,Repeat Customer,9729.09,Loyal
15094.0,2,Repeat Customer,83.0,Repeat
15095.0,6,Repeat Customer,1771.04,Loyal
15097.0,2,Repeat Customer,660.27,Repeat
15100.0,6,Repeat Customer,2018.6999999999998,Loyal
15101.0,4,Repeat Customer,1160.41,Repeat
15102.0,2,Repeat Customer,554.67,Repeat
15105.0,2,Repeat Customer,795.98,Repeat
15107.0,4,Repeat Customer,620.85,Repeat
15109.0,2,Repeat Customer,498.15000000000003,Repeat
15110.0,2,Repeat Customer,509.75,Repeat
15111.0,3,Repeat Customer,1163.39,Repeat
15112.0,1,First-Time Customer,209.4,One-Time
15114.0,2,Repeat Customer,639.56,Repeat
15115.0,1,First-Time Customer,191.74,One-Time
15117.0,3,Repeat Customer,934.19,Repeat
15122.0,8,Repeat Customer,2863.69,Loyal
15123.0,3,Repeat Customer,2456.86,Repeat
15124.0,2,Repeat Customer,266.63,Repeat
15125.0,9,Repeat Customer,5496.39,Loyal
15126.0,2,Repeat Customer,449.49,Repeat
15127.0,1,First-Time Customer,304.97,One-Time
15128.0,1,First-Time Customer,312.68,One-Time
15129.0,12,Repeat Customer,3412.78,Loyal
15131.0,1,First-Time Customer,80.28,One-Time
15133.0,2,Repeat Customer,824.48,Repeat
15134.0,2,Repeat Customer,208.3,Repeat
15135.0,1,First-Time Customer,166.63,One-Time
15137.0,2,Repeat Customer,823.4,Repeat
15138.0,1,First-Time Customer,502.52,One-Time
15140.0,1,First-Time Customer,889.44,One-Time
15141.0,7,Repeat Customer,1388.47,Loyal
15142.0,5,Repeat Customer,2121.18,Loyal
15143.0,1,First-Time Customer,304.18,One-Time
15144.0,12,Repeat Customer,5579.87,Loyal
15149.0,4,Repeat Customer,1033.81,Repeat
15150.0,3,Repeat Customer,3686.61,Repeat
15151.0,2,Repeat Customer,2085.61,Repeat
15152.0,1,First-Time Customer,518.14,One-Time
15154.0,2,Repeat Customer,1091.99,Repeat
15155.0,1,First-Time Customer,383.96999999999997,One-Time
15157.0,2,Repeat Customer,718.04,Repeat
15158.0,1,First-Time Customer,204.62,One-Time
15159.0,4,Repeat Customer,3475.7200000000003,Repeat
15160.0,3,Repeat Customer,431.11,Repeat
15161.0,1,First-Time Customer,119.92,One-Time
15162.0,1,First-Time Customer,312.9,One-Time
15164.0,6,Repeat Customer,1225.8700000000001,Loyal
15165.0,1,First-Time Customer,487.75,One-Time
15166.0,1,First-Time Customer,167.16,One-Time
15167.0,4,Repeat Customer,1496.67,Repeat
15169.0,2,Repeat Customer,569.22,Repeat
15170.0,1,First-Time Customer,81.15,One-Time
15173.0,7,Repeat Customer,1494.6,Loyal
15174.0,1,First-Time Customer,345.71,One-Time
15176.0,1,First-Time Customer,988.04,One-Time
15177.0,1,First-Time Customer,948.93,One-Time
15179.0,8,Repeat Customer,5284.97,Loyal
15180.0,3,Repeat Customer,816.9300000000001,Repeat
15181.0,2,Repeat Customer,510.72,Repeat
15182.0,9,Repeat Customer,2376.1020000000003,Loyal
15183.0,3,Repeat Customer,639.93,Repeat
15184.0,2,Repeat Customer,283.19,Repeat
15186.0,3,Repeat Customer,991.7900000000001,Repeat
15188.0,1,First-Time Customer,310.43,One-Time
15189.0,5,Repeat Customer,1298.99,Loyal
15190.0,1,First-Time Customer,834.4399999999999,One-Time
15191.0,3,Repeat Customer,588.05,Repeat
15192.0,3,Repeat Customer,937.07,Repeat
15194.0,14,Repeat Customer,4811.16,Loyal
15196.0,2,Repeat Customer,316.25,Repeat
15197.0,3,Repeat Customer,797.9,Repeat
15198.0,3,Repeat Customer,377.71,Repeat
15199.0,6,Repeat Customer,1853.7,Loyal
15200.0,1,First-Time Customer,549.05,One-Time
15201.0,2,Repeat Customer,606.4100000000001,Repeat
15202.0,3,Repeat Customer,6001.49,Repeat
15203.0,9,Repeat Customer,2572.38,Loyal
15207.0,3,Repeat Customer,683.9200000000001,Repeat
15208.0,1,First-Time Customer,100.4,One-Time
15209.0,1,First-Time Customer,178.98000000000002,One-Time
15210.0,2,Repeat Customer,845.01,Repeat
15211.0,1,First-Time Customer,383.07,One-Time
15212.0,1,First-Time Customer,106.47999999999999,One-Time
15215.0,4,Repeat Customer,1687.49,Repeat
15216.0,1,First-Time Customer,389.49,One-Time
15217.0,1,First-Time Customer,426.24,One-Time
15218.0,11,Repeat Customer,5759.68,Loyal
15219.0,1,First-Time Customer,379.7,One-Time
15221.0,4,Repeat Customer,2062.2000000000003,Repeat
15222.0,10,Repeat Customer,2965.91,Loyal
15223.0,3,Repeat Customer,662.2,Repeat
15224.0,3,Repeat Customer,549.28,Repeat
15227.0,4,Repeat Customer,1269.0900000000001,Repeat
15228.0,2,Repeat Customer,2193.56,Repeat
15229.0,1,First-Time Customer,160.5,One-Time
15231.0,1,First-Time Customer,250.26,One-Time
15233.0,1,First-Time Customer,59.400000000000006,One-Time
15235.0,6,Repeat Customer,690.3000000000001,Loyal
15240.0,7,Repeat Customer,2753.41,Loyal
15241.0,3,Repeat Customer,1293.72,Repeat
15242.0,1,First-Time Customer,302.04,One-Time
15243.0,1,First-Time Customer,610.6,One-Time
15244.0,1,First-Time Customer,280.51,One-Time
15245.0,5,Repeat Customer,2095.0,Loyal
15246.0,1,First-Time Customer,266.25,One-Time
15247.0,2,Repeat Customer,620.06,Repeat
15248.0,3,Repeat Customer,1893.93,Repeat
15249.0,5,Repeat Customer,2577.54,Loyal
15250.0,1,First-Time Customer,60.0,One-Time
15251.0,10,Repeat Customer,9839.55,Loyal
15252.0,3,Repeat Customer,1362.63,Repeat
15253.0,3,Repeat Customer,1136.89,Repeat
15254.0,2,Repeat Customer,787.99,Repeat
15255.0,8,Repeat Customer,2838.57,Loyal
15256.0,1,First-Time Customer,71.95,One-Time
15257.0,1,First-Time Customer,368.75,One-Time
15259.0,4,Repeat Customer,1182.3799999999999,Repeat
15260.0,20,Repeat Customer,7377.46,Loyal
15261.0,3,Repeat Customer,1253.18,Repeat
15262.0,2,Repeat Customer,239.87,Repeat
15264.0,1,First-Time Customer,454.66,One-Time
15265.0,2,Repeat Customer,1839.52,Repeat
15266.0,4,Repeat Customer,732.91,Repeat
15268.0,3,Repeat Customer,961.9000000000001,Repeat
15269.0,2,Repeat Customer,816.56,Repeat
15270.0,14,Repeat Customer,6145.37,Loyal
15271.0,10,Repeat Customer,2202.4700000000003,Loyal
15272.0,4,Repeat Customer,1363.54,Repeat
15273.0,1,First-Time Customer,228.96,One-Time
15276.0,3,Repeat Customer,514.22,Repeat
15277.0,1,First-Time Customer,220.44,One-Time
15278.0,4,Repeat Customer,496.15999999999997,Repeat
15279.0,4,Repeat Customer,1290.03,Repeat
15280.0,2,Repeat Customer,293.09999999999997,Repeat
15281.0,7,Repeat Customer,6211.42,Loyal
15282.0,1,First-Time Customer,348.59,One-Time
15283.0,3,Repeat Customer,148.33,Repeat
15284.0,1,First-Time Customer,24.75,One-Time
15285.0,1,First-Time Customer,94.92,One-Time
15287.0,3,Repeat Customer,369.34000000000003,Repeat
15288.0,6,Repeat Customer,1576.6100000000001,Loyal
15289.0,2,Repeat Customer,653.3100000000001,Repeat
15290.0,8,Repeat Customer,2553.06,Loyal
15291.0,26,Repeat Customer,9178.26,Loyal
15293.0,1,First-Time Customer,247.5,One-Time
15294.0,1,First-Time Customer,233.35,One-Time
15295.0,1,First-Time Customer,217.23999999999998,One-Time
15296.0,6,Repeat Customer,6669.97,Loyal
15298.0,12,Repeat Customer,4659.47,Loyal
15299.0,6,Repeat Customer,3484.5299999999997,Loyal
15301.0,6,Repeat Customer,2533.09,Loyal
15302.0,1,First-Time Customer,308.0,One-Time
15303.0,2,Repeat Customer,650.16,Repeat
15304.0,2,Repeat Customer,225.15,Repeat
15305.0,1,First-Time Customer,93.6,One-Time
15306.0,6,Repeat Customer,2310.38,Loyal
15309.0,4,Repeat Customer,797.96,Repeat
15310.0,1,First-Time Customer,1634.64,One-Time
15311.0,121,Repeat Customer,56003.26,Loyal
15312.0,8,Repeat Customer,2005.3400000000001,Loyal
15314.0,2,Repeat Customer,492.47999999999996,Repeat
15317.0,1,First-Time Customer,129.75,One-Time
15321.0,9,Repeat Customer,3961.42,Loyal
15322.0,1,First-Time Customer,711.18,One-Time
15323.0,3,Repeat Customer,434.6,Repeat
15324.0,1,First-Time Customer,140.22000000000003,One-Time
15325.0,7,Repeat Customer,1439.72,Loyal
15326.0,4,Repeat Customer,1388.81,Repeat
15328.0,1,First-Time Customer,107.24,One-Time
15329.0,8,Repeat Customer,1934.63,Loyal
15331.0,3,Repeat Customer,767.91,Repeat
15332.0,6,Repeat Customer,4892.68,Loyal
15336.0,1,First-Time Customer,240.5,One-Time
15337.0,1,First-Time Customer,373.02,One-Time
15338.0,1,First-Time Customer,283.43,One-Time
15339.0,5,Repeat Customer,1253.77,Loyal
15340.0,1,First-Time Customer,105.5,One-Time
15341.0,1,First-Time Customer,382.2,One-Time
15346.0,2,Repeat Customer,343.7,Repeat
15347.0,4,Repeat Customer,1162.0,Repeat
15350.0,2,Repeat Customer,547.6,Repeat
15351.0,4,Repeat Customer,1778.18,Repeat
15352.0,1,First-Time Customer,114.95,One-Time
15353.0,6,Repeat Customer,2398.93,Loyal
15354.0,3,Repeat Customer,284.4,Repeat
15356.0,4,Repeat Customer,698.45,Repeat
15358.0,22,Repeat Customer,8703.210000000001,Loyal
15359.0,8,Repeat Customer,181.35,Loyal
15361.0,3,Repeat Customer,270.15000000000003,Repeat
15362.0,2,Repeat Customer,613.08,Repeat
15363.0,2,Repeat Customer,678.11,Repeat
15365.0,6,Repeat Customer,2242.81,Loyal
15366.0,5,Repeat Customer,1786.57,Loyal
15367.0,7,Repeat Customer,3203.74,Loyal
15368.0,1,First-Time Customer,275.8,One-Time
15369.0,11,Repeat Customer,6251.26,Loyal
15370.0,1,First-Time Customer,1352.96,One-Time
15371.0,1,First-Time Customer,59.400000000000006,One-Time
15372.0,7,Repeat Customer,4009.66,Loyal
15373.0,6,Repeat Customer,1005.48,Loyal
15374.0,1,First-Time Customer,139.32,One-Time
15375.0,1,First-Time Customer,60.959999999999994,One-Time
15377.0,4,Repeat Customer,1211.75,Repeat
15378.0,2,Repeat Customer,246.5,Repeat
15379.0,1,First-Time Customer,1174.55,One-Time
15380.0,7,Repeat Customer,1788.8,Loyal
15381.0,3,Repeat Customer,1293.72,Repeat
15382.0,6,Repeat Customer,7777.84,Loyal
15384.0,2,Repeat Customer,1385.38,Repeat
15385.0,2,Repeat Customer,625.2,Repeat
15387.0,1,First-Time Customer,468.65,One-Time
15389.0,4,Repeat Customer,2233.8,Repeat
15390.0,2,Repeat Customer,1216.66,Repeat
15391.0,1,First-Time Customer,289.87,One-Time
15392.0,3,Repeat Customer,1376.0900000000001,Repeat
15393.0,3,Repeat Customer,659.48,Repeat
15394.0,7,Repeat Customer,3103.26,Loyal
15396.0,1,First-Time Customer,508.20000000000005,One-Time
15400.0,3,Repeat Customer,586.1,Repeat
15401.0,2,Repeat Customer,216.95000000000002,Repeat
15402.0,4,Repeat Customer,1203.77,Repeat
15403.0,2,Repeat Customer,170.88,Repeat
15404.0,1,First-Time Customer,257.06,One-Time
15405.0,1,First-Time Customer,310.74,One-Time
15406.0,2,Repeat Customer,465.15999999999997,Repeat
15409.0,1,First-Time Customer,131.25,One-Time
15410.0,2,Repeat Customer,1234.88,Repeat
15413.0,5,Repeat Customer,6798.72,Loyal
15416.0,3,Repeat Customer,588.5,Repeat
15418.0,2,Repeat Customer,452.32,Repeat
15420.0,6,Repeat Customer,743.0,Loyal
15421.0,6,Repeat Customer,2854.98,Loyal
15422.0,5,Repeat Customer,1522.27,Loyal
15423.0,2,Repeat Customer,223.39,Repeat
15424.0,1,First-Time Customer,214.44,One-Time
15425.0,4,Repeat Customer,1944.57,Repeat
15426.0,5,Repeat Customer,1168.0,Loyal
15428.0,3,Repeat Customer,668.97,Repeat
15430.0,2,Repeat Customer,954.75,Repeat
15431.0,1,First-Time Customer,153.24,One-Time
15432.0,1,First-Time Customer,149.57,One-Time
15434.0,6,Repeat Customer,1525.5800000000002,Loyal
15437.0,1,First-Time Customer,193.29000000000002,One-Time
15439.0,4,Repeat Customer,1269.05,Repeat
15441.0,3,Repeat Customer,1254.21,Repeat
15443.0,7,Repeat Customer,1939.02,Loyal
15445.0,1,First-Time Customer,171.0,One-Time
15446.0,3,Repeat Customer,406.95,Repeat
15447.0,4,Repeat Customer,337.71000000000004,Repeat
15448.0,1,First-Time Customer,294.17,One-Time
15451.0,2,Repeat Customer,233.21,Repeat
15452.0,3,Repeat Customer,1260.38,Repeat
15454.0,1,First-Time Customer,128.59,One-Time
15455.0,1,First-Time Customer,38.25,One-Time
15456.0,7,Repeat Customer,1672.05,Loyal
15458.0,1,First-Time Customer,208.79999999999998,One-Time
15459.0,2,Repeat Customer,202.82999999999998,Repeat
15461.0,2,Repeat Customer,429.7,Repeat
15462.0,1,First-Time Customer,502.45,One-Time
15465.0,15,Repeat Customer,5301.03,Loyal
15466.0,3,Repeat Customer,1236.48,Repeat
15468.0,1,First-Time Customer,962.97,One-Time
15469.0,1,First-Time Customer,335.7,One-Time
15470.0,1,First-Time Customer,63.419999999999995,One-Time
15471.0,2,Repeat Customer,847.0799999999999,Repeat
15473.0,1,First-Time Customer,274.8,One-Time
15474.0,1,First-Time Customer,163.1,One-Time
15476.0,4,Repeat Customer,2209.98,Repeat
15477.0,1,First-Time Customer,368.4,One-Time
15478.0,1,First-Time Customer,583.56,One-Time
15479.0,1,First-Time Customer,147.4,One-Time
15480.0,4,Repeat Customer,5373.5,Repeat
15481.0,1,First-Time Customer,1993.34,One-Time
15482.0,7,Repeat Customer,3537.6,Loyal
15483.0,6,Repeat Customer,628.39,Loyal
15484.0,2,Repeat Customer,1061.69,Repeat
15485.0,5,Repeat Customer,3196.51,Loyal
15486.0,1,First-Time Customer,102.0,One-Time
15487.0,1,First-Time Customer,231.32,One-Time
15488.0,4,Repeat Customer,340.6,Repeat
15489.0,5,Repeat Customer,1285.3300000000002,Loyal
15490.0,1,First-Time Customer,217.6,One-Time
15493.0,4,Repeat Customer,2313.18,Repeat
15494.0,3,Repeat Customer,2480.82,Repeat
15495.0,1,First-Time Customer,246.5,One-Time
15496.0,1,First-Time Customer,146.14000000000001,One-Time
15497.0,7,Repeat Customer,7395.19,Loyal
15498.0,19,Repeat Customer,12723.18,Loyal
15499.0,1,First-Time Customer,161.6,One-Time
15501.0,2,Repeat Customer,402.5,Repeat
15502.0,5,Repeat Customer,3608.54,Loyal
15503.0,1,First-Time Customer,120.06,One-Time
15504.0,3,Repeat Customer,371.02,Repeat
15506.0,3,Repeat Customer,1060.77,Repeat
15509.0,1,First-Time Customer,166.51,One-Time
15512.0,2,Repeat Customer,210.58,Repeat
15513.0,18,Repeat Customer,12992.33,Loyal
15514.0,7,Repeat Customer,2459.09,Loyal
15515.0,1,First-Time Customer,171.81,One-Time
15518.0,7,Repeat Customer,2276.4900000000002,Loyal
15519.0,2,Repeat Customer,344.61,Repeat
15521.0,8,Repeat Customer,4106.49,Loyal
15523.0,15,Repeat Customer,16947.98,Loyal
15524.0,1,First-Time Customer,151.4,One-Time
15525.0,2,Repeat Customer,469.78,Repeat
15527.0,15,Repeat Customer,3145.86,Loyal
15529.0,2,Repeat Customer,1116.72,Repeat
15530.0,1,First-Time Customer,311.37,One-Time
15532.0,6,Repeat Customer,2190.9700000000003,Loyal
15534.0,1,First-Time Customer,162.25,One-Time
15535.0,2,Repeat Customer,551.42,Repeat
15536.0,1,First-Time Customer,259.09,One-Time
15538.0,6,Repeat Customer,3358.3999999999996,Loyal
15540.0,1,First-Time Customer,247.38,One-Time
15542.0,3,Repeat Customer,918.45,Repeat
15543.0,1,First-Time Customer,114.98,One-Time
15544.0,12,Repeat Customer,4615.72,Loyal
15545.0,1,First-Time Customer,135.32999999999998,One-Time
15546.0,2,Repeat Customer,1079.1000000000001,Repeat
15547.0,12,Repeat Customer,5199.55,Loyal
15548.0,1,First-Time Customer,158.09,One-Time
15549.0,5,Repeat Customer,652.7,Loyal
15550.0,8,Repeat Customer,1643.17,Loyal
15551.0,6,Repeat Customer,1274.02,Loyal
15552.0,1,First-Time Customer,162.4,One-Time
15555.0,22,Repeat Customer,7307.18,Loyal
15558.0,1,First-Time Customer,214.13,One-Time
15559.0,1,First-Time Customer,1109.4,One-Time
15560.0,2,Repeat Customer,153.52,Repeat
15561.0,4,Repeat Customer,1133.8,Repeat
15562.0,2,Repeat Customer,538.83,Repeat
15563.0,3,Repeat Customer,1466.56,Repeat
15564.0,2,Repeat Customer,70.74000000000001,Repeat
15566.0,2,Repeat Customer,227.87,Repeat
15569.0,5,Repeat Customer,2210.64,Loyal
15570.0,14,Repeat Customer,5145.52,Loyal
15571.0,10,Repeat Customer,3401.2,Loyal
15572.0,3,Repeat Customer,1515.81,Repeat
15573.0,3,Repeat Customer,599.73,Repeat
15574.0,3,Repeat Customer,816.4499999999999,Repeat
15575.0,1,First-Time Customer,30.1,One-Time
15577.0,2,Repeat Customer,139.1,Repeat
15579.0,3,Repeat Customer,953.9,Repeat
15580.0,8,Repeat Customer,1381.19,Loyal
15581.0,26,Repeat Customer,4114.62,Loyal
15583.0,1,First-Time Customer,107.86,One-Time
15584.0,2,Repeat Customer,552.39,Repeat
15586.0,3,Repeat Customer,1139.1,Repeat
15587.0,3,Repeat Customer,608.4000000000001,Repeat
15588.0,1,First-Time Customer,579.6,One-Time
15590.0,5,Repeat Customer,1496.6,Loyal
15591.0,3,Repeat Customer,217.9,Repeat
15595.0,1,First-Time Customer,357.6,One-Time
15596.0,5,Repeat Customer,1723.45,Loyal
15597.0,1,First-Time Customer,238.8,One-Time
15598.0,1,First-Time Customer,307.34,One-Time
15599.0,1,First-Time Customer,488.32,One-Time
15600.0,4,Repeat Customer,1199.31,Repeat
15601.0,17,Repeat Customer,8183.56,Loyal
15602.0,8,Repeat Customer,1932.64,Loyal
15603.0,1,First-Time Customer,40.0,One-Time
15605.0,5,Repeat Customer,738.57,Loyal
15606.0,8,Repeat Customer,2310.83,Loyal
15607.0,8,Repeat Customer,1604.21,Loyal
15608.0,1,First-Time Customer,692.3,One-Time
15611.0,13,Repeat Customer,1405.83,Loyal
15613.0,1,First-Time Customer,433.71999999999997,One-Time
15614.0,4,Repeat Customer,3147.36,Repeat
15615.0,24,Repeat Customer,10974.23,Loyal
15616.0,1,First-Time Customer,317.11,One-Time
15617.0,3,Repeat Customer,828.5500000000001,Repeat
15620.0,1,First-Time Customer,389.18,One-Time
15622.0,8,Repeat Customer,4143.05,Loyal
15623.0,7,Repeat Customer,2136.02,Loyal
15625.0,5,Repeat Customer,1702.1399999999999,Loyal
15626.0,1,First-Time Customer,391.72,One-Time
15627.0,2,Repeat Customer,566.9,Repeat
15628.0,9,Repeat Customer,2782.02,Loyal
15629.0,4,Repeat Customer,2240.9,Repeat
15630.0,1,First-Time Customer,295.05,One-Time
15631.0,1,First-Time Customer,596.67,One-Time
15633.0,13,Repeat Customer,4352.46,Loyal
15634.0,1,First-Time Customer,311.1,One-Time
15635.0,1,First-Time Customer,100.35,One-Time
15636.0,2,Repeat Customer,719.82,Repeat
15637.0,4,Repeat Customer,574.23,Repeat
15638.0,6,Repeat Customer,2265.2,Loyal
15639.0,2,Repeat Customer,639.76,Repeat
15640.0,15,Repeat Customer,11441.92,Loyal
15641.0,8,Repeat Customer,3458.35,Loyal
15642.0,1,First-Time Customer,105.78000000000002,One-Time
15645.0,2,Repeat Customer,443.16,Repeat
15646.0,3,Repeat Customer,526.97,Repeat
15647.0,1,First-Time Customer,169.0,One-Time
15649.0,3,Repeat Customer,1354.35,Repeat
15650.0,2,Repeat Customer,553.88,Repeat
15651.0,2,Repeat Customer,612.76,Repeat
15652.0,4,Repeat Customer,1082.6,Repeat
15658.0,4,Repeat Customer,1399.3700000000001,Repeat
15659.0,2,Repeat Customer,226.04,Repeat
15660.0,7,Repeat Customer,1212.13,Loyal
15661.0,6,Repeat Customer,906.15,Loyal
15662.0,2,Repeat Customer,283.73,Repeat
15664.0,3,Repeat Customer,867.6,Repeat
15665.0,3,Repeat Customer,1773.11,Repeat
15666.0,2,Repeat Customer,632.9399999999999,Repeat
15670.0,1,First-Time Customer,152.15,One-Time
15672.0,1,First-Time Customer,45.300000000000004,One-Time
15673.0,5,Repeat Customer,3533.77,Loyal
15674.0,8,Repeat Customer,4501.63,Loyal
15675.0,1,First-Time Customer,218.35,One-Time
15677.0,2,Repeat Customer,648.4,Repeat
15678.0,2,Repeat Customer,1541.19,Repeat
15680.0,8,Repeat Customer,3173.9,Loyal
15681.0,9,Repeat Customer,1563.54,Loyal
15682.0,2,Repeat Customer,318.24,Repeat
15683.0,1,First-Time Customer,330.79,One-Time
15684.0,3,Repeat Customer,173.95,Repeat
15685.0,1,First-Time Customer,55.980000000000004,One-Time
15686.0,1,First-Time Customer,90.0,One-Time
15688.0,1,First-Time Customer,190.57,One-Time
15689.0,1,First-Time Customer,266.93,One-Time
15691.0,3,Repeat Customer,434.5,Repeat
15693.0,1,First-Time Customer,37.5,One-Time
15694.0,12,Repeat Customer,4331.41,Loyal
15695.0,2,Repeat Customer,721.06,Repeat
15696.0,5,Repeat Customer,1170.1100000000001,Loyal
15697.0,1,First-Time Customer,246.75,One-Time
15698.0,1,First-Time Customer,46.2,One-Time
15702.0,2,Repeat Customer,140.39000000000001,Repeat
15704.0,2,Repeat Customer,1524.3400000000001,Repeat
15708.0,3,Repeat Customer,1014.48,Repeat
15709.0,1,First-Time Customer,194.6,One-Time
15710.0,1,First-Time Customer,898.87,One-Time
15711.0,2,Repeat Customer,420.25,Repeat
15712.0,7,Repeat Customer,2400.05,Loyal
15713.0,3,Repeat Customer,654.09,Repeat
15714.0,3,Repeat Customer,453.93,Repeat
15715.0,5,Repeat Customer,658.02,Loyal
15716.0,8,Repeat Customer,1938.0,Loyal
15717.0,4,Repeat Customer,456.70000000000005,Repeat
15718.0,1,First-Time Customer,293.79,One-Time
15719.0,18,Repeat Customer,5177.45,Loyal
15720.0,1,First-Time Customer,143.19,One-Time
15722.0,6,Repeat Customer,3035.54,Loyal
15723.0,3,Repeat Customer,744.55,Repeat
15724.0,1,First-Time Customer,92.6,One-Time
15726.0,1,First-Time Customer,321.91,One-Time
15727.0,8,Repeat Customer,4266.55,Loyal
15728.0,2,Repeat Customer,544.6,Repeat
15729.0,2,Repeat Customer,107.55000000000001,Repeat
15730.0,2,Repeat Customer,605.7,Repeat
15731.0,1,First-Time Customer,125.3,One-Time
15732.0,9,Repeat Customer,1387.95,Loyal
15734.0,2,Repeat Customer,923.85,Repeat
15735.0,1,First-Time Customer,327.68,One-Time
15736.0,2,Repeat Customer,1815.72,Repeat
15738.0,26,Repeat Customer,8560.550000000001,Loyal
15741.0,2,Repeat Customer,208.62,Repeat
15742.0,1,First-Time Customer,156.87,One-Time
15747.0,6,Repeat Customer,1588.57,Loyal
15748.0,2,Repeat Customer,465.45000000000005,Repeat
15750.0,12,Repeat Customer,4331.711,Loyal
15751.0,11,Repeat Customer,1380.44,Loyal
15752.0,3,Repeat Customer,1570.16,Repeat
15754.0,6,Repeat Customer,2579.04,Loyal
15755.0,11,Repeat Customer,3628.87,Loyal
15757.0,4,Repeat Customer,2225.94,Repeat
15759.0,4,Repeat Customer,577.8900000000001,Repeat
15760.0,2,Repeat Customer,13916.34,Repeat
15761.0,1,First-Time Customer,143.05,One-Time
15764.0,2,Repeat Customer,1223.1100000000001,Repeat
15765.0,1,First-Time Customer,370.63,One-Time
15766.0,2,Repeat Customer,516.0,Repeat
15768.0,31,Repeat Customer,14979.26,Loyal
15769.0,21,Repeat Customer,32451.6,Loyal
15770.0,1,First-Time Customer,321.45,One-Time
15771.0,3,Repeat Customer,1006.54,Repeat
15772.0,1,First-Time Customer,280.88,One-Time
15773.0,1,First-Time Customer,138.84,One-Time
15774.0,5,Repeat Customer,1059.14,Loyal
15775.0,1,First-Time Customer,45.6,One-Time
15777.0,3,Repeat Customer,715.5,Repeat
15778.0,1,First-Time Customer,307.95,One-Time
15779.0,2,Repeat Customer,124.08000000000001,Repeat
15782.0,1,First-Time Customer,1399.36,One-Time
15784.0,2,Repeat Customer,848.3299999999999,Repeat
15785.0,11,Repeat Customer,3640.96,Loyal
15786.0,2,Repeat Customer,3582.62,Repeat
15788.0,1,First-Time Customer,221.82999999999998,One-Time
15789.0,5,Repeat Customer,1610.71,Loyal
15791.0,3,Repeat Customer,1995.65,Repeat
15792.0,2,Repeat Customer,933.84,Repeat
15793.0,5,Repeat Customer,1433.96,Loyal
15794.0,2,Repeat Customer,777.0,Repeat
15795.0,7,Repeat Customer,1369.8600000000001,Loyal
15796.0,9,Repeat Customer,2464.27,Loyal
15797.0,2,Repeat Customer,613.6800000000001,Repeat
15798.0,3,Repeat Customer,1535.37,Repeat
15799.0,1,First-Time Customer,540.15,One-Time
15800.0,5,Repeat Customer,543.5,Loyal
15803.0,3,Repeat Customer,1513.84,Repeat
15805.0,13,Repeat Customer,4660.75,Loyal
15807.0,2,Repeat Customer,913.62,Repeat
15808.0,18,Repeat Customer,14674.960000000001,Loyal
15809.0,2,Repeat Customer,758.67,Repeat
15810.0,4,Repeat Customer,1607.06,Repeat
15811.0,2,Repeat Customer,1671.9,Repeat
15812.0,7,Repeat Customer,3400.33,Loyal
15814.0,2,Repeat Customer,689.11,Repeat
15816.0,2,Repeat Customer,144.14999999999998,Repeat
15817.0,3,Repeat Customer,2766.4,Repeat
15818.0,1,First-Time Customer,340.5,One-Time
15819.0,6,Repeat Customer,2029.34,Loyal
15822.0,4,Repeat Customer,954.59,Repeat
15823.0,3,Repeat Customer,3882.17,Repeat
15824.0,2,Repeat Customer,890.94,Repeat
15826.0,1,First-Time Customer,943.97,One-Time
15827.0,16,Repeat Customer,1957.98,Loyal
15828.0,1,First-Time Customer,1108.82,One-Time
15833.0,1,First-Time Customer,80.4,One-Time
15834.0,3,Repeat Customer,1539.24,Repeat
15837.0,1,First-Time Customer,385.03000000000003,One-Time
15838.0,16,Repeat Customer,40519.92,Loyal
15841.0,5,Repeat Customer,1518.35,Loyal
15842.0,2,Repeat Customer,548.8,Repeat
15845.0,3,Repeat Customer,714.51,Repeat
15846.0,1,First-Time Customer,107.01,One-Time
15847.0,3,Repeat Customer,433.3,Repeat
15848.0,1,First-Time Customer,139.94,One-Time
15850.0,4,Repeat Customer,819.87,Repeat
15851.0,1,First-Time Customer,109.73,One-Time
15852.0,1,First-Time Customer,96.55,One-Time
15854.0,9,Repeat Customer,2609.16,Loyal
15855.0,1,First-Time Customer,340.48,One-Time
15856.0,26,Repeat Customer,17832.77,Loyal
15857.0,1,First-Time Customer,273.48,One-Time
15858.0,9,Repeat Customer,2521.52,Loyal
15859.0,1,First-Time Customer,438.46,One-Time
15860.0,10,Repeat Customer,1528.0,Loyal
15861.0,4,Repeat Customer,1236.43,Repeat
15862.0,10,Repeat Customer,2095.41,Loyal
15863.0,3,Repeat Customer,289.86,Repeat
15864.0,1,First-Time Customer,244.44000000000003,One-Time
15865.0,2,Repeat Customer,1353.79,Repeat
15867.0,17,Repeat Customer,5251.31,Loyal
15868.0,1,First-Time Customer,94.53,One-Time
15869.0,1,First-Time Customer,174.02,One-Time
15870.0,3,Repeat Customer,508.52,Repeat
15871.0,1,First-Time Customer,33.099999999999994,One-Time
15872.0,2,Repeat Customer,434.75,Repeat
15873.0,4,Repeat Customer,313.91999999999996,Repeat
15874.0,14,Repeat Customer,6878.88,Loyal
15875.0,1,First-Time Customer,111.72,One-Time
15876.0,2,Repeat Customer,1449.1399999999999,Repeat
15878.0,2,Repeat Customer,330.77,Repeat
15879.0,4,Repeat Customer,1157.3,Repeat
15880.0,1,First-Time Customer,343.28000000000003,One-Time
15882.0,6,Repeat Customer,979.62,Loyal
15884.0,2,Repeat Customer,249.70000000000002,Repeat
15885.0,12,Repeat Customer,1572.47,Loyal
15886.0,3,Repeat Customer,871.78,Repeat
15887.0,3,Repeat Customer,1027.15,Repeat
15888.0,2,Repeat Customer,260.85,Repeat
15889.0,7,Repeat Customer,1359.41,Loyal
15890.0,5,Repeat Customer,535.65,Loyal
15892.0,1,First-Time Customer,128.2,One-Time
15893.0,1,First-Time Customer,305.28000000000003,One-Time
15894.0,1,First-Time Customer,156.74,One-Time
15898.0,22,Repeat Customer,4207.43,Loyal
15899.0,1,First-Time Customer,56.25,One-Time
15900.0,3,Repeat Customer,549.29,Repeat
15901.0,4,Repeat Customer,339.34,Repeat
15902.0,1,First-Time Customer,145.01,One-Time
15903.0,5,Repeat Customer,3813.0800000000004,Loyal
15905.0,1,First-Time Customer,114.69,One-Time
15906.0,3,Repeat Customer,987.95,Repeat
15908.0,2,Repeat Customer,764.57,Repeat
15910.0,7,Repeat Customer,1449.6200000000001,Loyal
15911.0,8,Repeat Customer,1702.34,Loyal
15912.0,7,Repeat Customer,810.08,Loyal
15913.0,1,First-Time Customer,6.300000000000001,One-Time
15914.0,2,Repeat Customer,205.99,Repeat
15915.0,1,First-Time Customer,429.21,One-Time
15916.0,7,Repeat Customer,1899.08,Loyal
15917.0,4,Repeat Customer,437.53000000000003,Repeat
15918.0,1,First-Time Customer,248.65,One-Time
15919.0,1,First-Time Customer,270.72,One-Time
15920.0,5,Repeat Customer,404.14,Loyal
15921.0,3,Repeat Customer,466.08,Repeat
15922.0,1,First-Time Customer,369.5,One-Time
15923.0,1,First-Time Customer,127.08,One-Time
15924.0,1,First-Time Customer,102.82,One-Time
15926.0,1,First-Time Customer,134.44,One-Time
15927.0,1,First-Time Customer,123.39,One-Time
15928.0,1,First-Time Customer,293.53,One-Time
15929.0,1,First-Time Customer,594.0,One-Time
15931.0,1,First-Time Customer,239.9,One-Time
15934.0,2,Repeat Customer,2190.66,Repeat
15936.0,2,Repeat Customer,282.79,Repeat
15938.0,4,Repeat Customer,330.23,Repeat
15939.0,1,First-Time Customer,2945.38,One-Time
15941.0,1,First-Time Customer,405.0,One-Time
15943.0,2,Repeat Customer,271.28999999999996,Repeat
15944.0,3,Repeat Customer,1839.1399999999999,Repeat
15945.0,4,Repeat Customer,646.27,Repeat
15946.0,3,Repeat Customer,2304.18,Repeat
15948.0,1,First-Time Customer,553.85,One-Time
15950.0,6,Repeat Customer,5415.2,Loyal
15951.0,1,First-Time Customer,304.95,One-Time
15953.0,11,Repeat Customer,2010.1699999999998,Loyal
15954.0,1,First-Time Customer,190.75,One-Time
15955.0,9,Repeat Customer,4242.1,Loyal
15956.0,2,Repeat Customer,617.6,Repeat
15957.0,2,Repeat Customer,501.21,Repeat
15958.0,3,Repeat Customer,388.64,Repeat
15959.0,3,Repeat Customer,579.49,Repeat
15960.0,4,Repeat Customer,410.95,Repeat
15961.0,1,First-Time Customer,451.28999999999996,One-Time
15962.0,1,First-Time Customer,295.83,One-Time
15964.0,1,First-Time Customer,272.96000000000004,One-Time
15965.0,10,Repeat Customer,2167.45,Loyal
15966.0,1,First-Time Customer,426.53000000000003,One-Time
15967.0,10,Repeat Customer,2622.77,Loyal
15968.0,1,First-Time Customer,418.05,One-Time
15969.0,2,Repeat Customer,460.95,Repeat
15970.0,1,First-Time Customer,703.22,One-Time
15971.0,6,Repeat Customer,1702.98,Loyal
15972.0,5,Repeat Customer,1810.27,Loyal
15973.0,3,Repeat Customer,680.62,Repeat
15976.0,4,Repeat Customer,1315.7,Repeat
15978.0,2,Repeat Customer,2180.64,Repeat
15979.0,1,First-Time Customer,329.22,One-Time
15980.0,4,Repeat Customer,4194.82,Repeat
15981.0,13,Repeat Customer,5954.29,Loyal
15982.0,1,First-Time Customer,324.51,One-Time
15983.0,6,Repeat Customer,2483.8,Loyal
15984.0,21,Repeat Customer,5921.65,Loyal
15985.0,5,Repeat Customer,1572.8600000000001,Loyal
15986.0,1,First-Time Customer,186.3,One-Time
15987.0,2,Repeat Customer,230.85,Repeat
15988.0,2,Repeat Customer,612.0600000000001,Repeat
15989.0,2,Repeat Customer,372.51,Repeat
15990.0,5,Repeat Customer,1217.94,Loyal
15991.0,1,First-Time Customer,150.55,One-Time
15992.0,2,Repeat Customer,854.61,Repeat
15994.0,2,Repeat Customer,775.11,Repeat
15995.0,1,First-Time Customer,696.19,One-Time
15996.0,2,Repeat Customer,626.22,Repeat
15998.0,11,Repeat Customer,5218.37,Loyal
15999.0,1,First-Time Customer,20.4,One-Time
16001.0,1,First-Time Customer,583.39,One-Time
16002.0,1,First-Time Customer,169.21,One-Time
16003.0,5,Repeat Customer,2878.46,Loyal
16004.0,5,Repeat Customer,2146.39,Loyal
16005.0,6,Repeat Customer,1820.83,Loyal
16006.0,1,First-Time Customer,245.77,One-Time
16007.0,3,Repeat Customer,1373.2,Repeat
16008.0,12,Repeat Customer,4905.35,Loyal
16010.0,8,Repeat Customer,1316.56,Loyal
16011.0,14,Repeat Customer,2517.75,Loyal
16012.0,2,Repeat Customer,1574.5,Repeat
16013.0,39,Repeat Customer,20315.84,Loyal
16014.0,2,Repeat Customer,467.89,Repeat
16016.0,4,Repeat Customer,1025.18,Repeat
16017.0,4,Repeat Customer,1341.95,Repeat
16018.0,2,Repeat Customer,289.23,Repeat
16019.0,18,Repeat Customer,13679.61,Loyal
16021.0,2,Repeat Customer,532.25,Repeat
16024.0,2,Repeat Customer,232.96,Repeat
16027.0,9,Repeat Customer,1113.74,Loyal
16028.0,1,First-Time Customer,82.2,One-Time
16029.0,47,Repeat Customer,41184.3,Loyal
16032.0,6,Repeat Customer,1970.45,Loyal
16033.0,8,Repeat Customer,2019.73,Loyal
16034.0,3,Repeat Customer,491.02,Repeat
16035.0,1,First-Time Customer,217.73,One-Time
16036.0,2,Repeat Customer,1797.92,Repeat
16037.0,2,Repeat Customer,654.32,Repeat
16039.0,2,Repeat Customer,456.4,Repeat
16040.0,4,Repeat Customer,1103.35,Repeat
16042.0,3,Repeat Customer,1067.85,Repeat
16043.0,4,Repeat Customer,1082.6000000000001,Repeat
16044.0,1,First-Time Customer,340.84000000000003,One-Time
16045.0,4,Repeat Customer,2094.23,Repeat
16046.0,1,First-Time Customer,235.78,One-Time
16047.0,1,First-Time Customer,107.14,One-Time
16048.0,4,Repeat Customer,818.7900000000001,Repeat
16049.0,3,Repeat Customer,787.89,Repeat
16050.0,2,Repeat Customer,162.8,Repeat
16051.0,1,First-Time Customer,188.44,One-Time
16053.0,4,Repeat Customer,2122.89,Repeat
16054.0,3,Repeat Customer,1327.98,Repeat
16057.0,3,Repeat Customer,1591.73,Repeat
16058.0,1,First-Time Customer,62.7,One-Time
16059.0,7,Repeat Customer,1757.91,Loyal
16060.0,3,Repeat Customer,541.95,Repeat
16061.0,1,First-Time Customer,89.65,One-Time
16062.0,4,Repeat Customer,1709.83,Repeat
16064.0,1,First-Time Customer,111.0,One-Time
16065.0,8,Repeat Customer,2010.53,Loyal
16067.0,3,Repeat Customer,3395.29,Repeat
16068.0,1,First-Time Customer,122.93,One-Time
16069.0,1,First-Time Customer,457.7,One-Time
16071.0,3,Repeat Customer,750.5600000000001,Repeat
16072.0,3,Repeat Customer,3744.57,Repeat
16074.0,1,First-Time Customer,265.25,One-Time
16075.0,2,Repeat Customer,736.9300000000001,Repeat
16077.0,1,First-Time Customer,2300.4,One-Time
16078.0,1,First-Time Customer,283.79,One-Time
16080.0,2,Repeat Customer,385.40000000000003,Repeat
16081.0,4,Repeat Customer,1653.28,Repeat
16082.0,1,First-Time Customer,106.75,One-Time
16083.0,2,Repeat Customer,1033.8,Repeat
16085.0,7,Repeat Customer,1362.02,Loyal
16086.0,6,Repeat Customer,1743.6,Loyal
16087.0,5,Repeat Customer,1739.92,Loyal
16088.0,2,Repeat Customer,1437.43,Repeat
16089.0,2,Repeat Customer,271.44,Repeat
16090.0,1,First-Time Customer,205.91,One-Time
16092.0,3,Repeat Customer,770.08,Repeat
16094.0,7,Repeat Customer,2617.33,Loyal
16095.0,1,First-Time Customer,447.05,One-Time
16096.0,3,Repeat Customer,1264.3500000000001,Repeat
16098.0,8,Repeat Customer,2442.47,Loyal
16099.0,4,Repeat Customer,841.3,Repeat
16100.0,1,First-Time Customer,582.64,One-Time
16101.0,3,Repeat Customer,1938.46,Repeat
16103.0,16,Repeat Customer,4762.07,Loyal
16104.0,8,Repeat Customer,2476.25,Loyal
16105.0,4,Repeat Customer,2049.23,Repeat
16108.0,3,Repeat Customer,1393.42,Repeat
16109.0,1,First-Time Customer,327.6,One-Time
16110.0,1,First-Time Customer,481.79,One-Time
16111.0,1,First-Time Customer,562.48,One-Time
16115.0,4,Repeat Customer,907.17,Repeat
16117.0,2,Repeat Customer,422.19,Repeat
16118.0,1,First-Time Customer,4376.25,One-Time
16119.0,6,Repeat Customer,1297.45,Loyal
16120.0,2,Repeat Customer,1747.77,Repeat
16121.0,3,Repeat Customer,609.98,Repeat
16122.0,3,Repeat Customer,316.92,Repeat
16124.0,3,Repeat Customer,1523.49,Repeat
16125.0,14,Repeat Customer,4298.3,Loyal
16126.0,11,Repeat Customer,8359.03,Loyal
16127.0,1,First-Time Customer,145.06,One-Time
16128.0,6,Repeat Customer,1920.83,Loyal
16129.0,3,Repeat Customer,1396.05,Repeat
16130.0,4,Repeat Customer,987.48,Repeat
16131.0,6,Repeat Customer,6450.88,Loyal
16132.0,2,Repeat Customer,664.1999999999999,Repeat
16133.0,23,Repeat Customer,8403.22,Loyal
16134.0,3,Repeat Customer,1527.25,Repeat
16135.0,1,First-Time Customer,301.9,One-Time
16136.0,1,First-Time Customer,237.42,One-Time
16137.0,1,First-Time Customer,422.7,One-Time
16138.0,3,Repeat Customer,910.35,Repeat
16139.0,2,Repeat Customer,475.74,Repeat
16140.0,2,Repeat Customer,832.4200000000001,Repeat
16141.0,1,First-Time Customer,335.54,One-Time
16143.0,7,Repeat Customer,2485.89,Loyal
16145.0,8,Repeat Customer,3005.9500000000003,Loyal
16146.0,1,First-Time Customer,212.25,One-Time
16147.0,4,Repeat Customer,2023.91,Repeat
16148.0,1,First-Time Customer,310.3,One-Time
16149.0,1,First-Time Customer,141.70000000000002,One-Time
16150.0,6,Repeat Customer,2342.57,Loyal
16153.0,6,Repeat Customer,3309.2599999999998,Loyal
16155.0,5,Repeat Customer,796.9,Loyal
16156.0,11,Repeat Customer,3096.14,Loyal
16158.0,9,Repeat Customer,628.32,Loyal
16159.0,3,Repeat Customer,884.59,Repeat
16161.0,25,Repeat Customer,7256.24,Loyal
16163.0,5,Repeat Customer,1992.98,Loyal
16165.0,1,First-Time Customer,79.9,One-Time
16166.0,2,Repeat Customer,435.83,Repeat
16167.0,5,Repeat Customer,1386.1200000000001,Loyal
16168.0,40,Repeat Customer,6848.87,Loyal
16170.0,14,Repeat Customer,4983.95,Loyal
16172.0,3,Repeat Customer,744.34,Repeat
16174.0,4,Repeat Customer,1237.2,Repeat
16175.0,3,Repeat Customer,798.85,Repeat
16176.0,4,Repeat Customer,2052.69,Repeat
16177.0,7,Repeat Customer,1915.36,Loyal
16178.0,1,First-Time Customer,414.7,One-Time
16180.0,5,Repeat Customer,5995.69,Loyal
16182.0,5,Repeat Customer,3354.0,Loyal
16183.0,3,Repeat Customer,739.1,Repeat
16185.0,1,First-Time Customer,115.31,One-Time
16186.0,15,Repeat Customer,5019.17,Loyal
16188.0,1,First-Time Customer,105.80000000000001,One-Time
16190.0,7,Repeat Customer,2508.4700000000003,Loyal
16191.0,11,Repeat Customer,10507.5,Loyal
16192.0,1,First-Time Customer,351.3,One-Time
16193.0,1,First-Time Customer,315.98,One-Time
16194.0,1,First-Time Customer,308.59999999999997,One-Time
16195.0,1,First-Time Customer,323.25,One-Time
16196.0,1,First-Time Customer,93.3,One-Time
16197.0,9,Repeat Customer,2016.71,Loyal
16198.0,1,First-Time Customer,629.36,One-Time
16199.0,7,Repeat Customer,942.75,Loyal
16200.0,10,Repeat Customer,4562.83,Loyal
16201.0,1,First-Time Customer,248.65,One-Time
16202.0,8,Repeat Customer,2136.72,Loyal
16203.0,3,Repeat Customer,521.64,Repeat
16204.0,2,Repeat Customer,538.53,Repeat
16205.0,3,Repeat Customer,1069.23,Repeat
16206.0,9,Repeat Customer,2065.26,Loyal
16208.0,8,Repeat Customer,2776.19,Loyal
16209.0,4,Repeat Customer,1884.16,Repeat
16210.0,19,Repeat Customer,17403.21,Loyal
16211.0,2,Repeat Customer,543.5699999999999,Repeat
16212.0,2,Repeat Customer,603.37,Repeat
16214.0,1,First-Time Customer,975.5,One-Time
16218.0,7,Repeat Customer,1355.29,Loyal
16219.0,1,First-Time Customer,40.8,One-Time
16221.0,7,Repeat Customer,1370.65,Loyal
16222.0,1,First-Time Customer,498.5,One-Time
16223.0,2,Repeat Customer,1102.3500000000001,Repeat
16224.0,1,First-Time Customer,321.24,One-Time
16225.0,10,Repeat Customer,1771.0900000000001,Loyal
16226.0,2,Repeat Customer,417.05,Repeat
16227.0,2,Repeat Customer,713.0,Repeat
16228.0,3,Repeat Customer,890.8100000000001,Repeat
16229.0,4,Repeat Customer,1857.26,Repeat
16231.0,4,Repeat Customer,1078.22,Repeat
16232.0,3,Repeat Customer,1722.09,Repeat
16233.0,7,Repeat Customer,1429.03,Loyal
16234.0,3,Repeat Customer,333.18,Repeat
16235.0,4,Repeat Customer,1186.4,Repeat
16237.0,1,First-Time Customer,136.65,One-Time
16238.0,1,First-Time Customer,63.66,One-Time
16239.0,4,Repeat Customer,1078.0,Repeat
16241.0,4,Repeat Customer,1721.44,Repeat
16242.0,7,Repeat Customer,3871.19,Loyal
16244.0,1,First-Time Customer,1056.63,One-Time
16246.0,2,Repeat Customer,827.25,Repeat
16250.0,2,Repeat Customer,401.94,Repeat
16251.0,1,First-Time Customer,128.31,One-Time
16252.0,1,First-Time Customer,295.09000000000003,One-Time
16253.0,5,Repeat Customer,3626.29,Loyal
16254.0,3,Repeat Customer,985.14,Repeat
16255.0,8,Repeat Customer,2286.89,Loyal
16256.0,2,Repeat Customer,876.9399999999999,Repeat
16258.0,10,Repeat Customer,6739.01,Loyal
16259.0,3,Repeat Customer,361.94,Repeat
16261.0,2,Repeat Customer,312.62,Repeat
16262.0,1,First-Time Customer,755.15,One-Time
16263.0,1,First-Time Customer,351.01,One-Time
16264.0,2,Repeat Customer,837.53,Repeat
16265.0,3,Repeat Customer,1488.17,Repeat
16266.0,7,Repeat Customer,896.06,Loyal
16267.0,1,First-Time Customer,186.66,One-Time
16269.0,1,First-Time Customer,717.57,One-Time
16271.0,5,Repeat Customer,2033.78,Loyal
16273.0,2,Repeat Customer,336.03999999999996,Repeat
16274.0,1,First-Time Customer,357.95,One-Time
16275.0,2,Repeat Customer,1591.24,Repeat
16276.0,2,Repeat Customer,1818.79,Repeat
16277.0,1,First-Time Customer,188.69,One-Time
16278.0,2,Repeat Customer,551.46,Repeat
16279.0,6,Repeat Customer,4195.5,Loyal
16280.0,1,First-Time Customer,238.05,One-Time
16281.0,2,Repeat Customer,1361.96,Repeat
16282.0,2,Repeat Customer,1139.28,Repeat
16283.0,3,Repeat Customer,2833.01,Repeat
16284.0,1,First-Time Customer,205.8,One-Time
16285.0,1,First-Time Customer,176.9,One-Time
16286.0,2,Repeat Customer,328.95,Repeat
16287.0,4,Repeat Customer,864.48,Repeat
16288.0,1,First-Time Customer,129.85,One-Time
16289.0,1,First-Time Customer,136.31,One-Time
16290.0,4,Repeat Customer,2069.3,Repeat
16291.0,1,First-Time Customer,117.72,One-Time
16292.0,4,Repeat Customer,951.51,Repeat
16293.0,6,Repeat Customer,2408.96,Loyal
16294.0,1,First-Time Customer,126.05000000000001,One-Time
16296.0,4,Repeat Customer,1313.67,Repeat
16298.0,4,Repeat Customer,487.5,Repeat
16299.0,1,First-Time Customer,193.65,One-Time
16300.0,3,Repeat Customer,1392.43,Repeat
16301.0,1,First-Time Customer,107.33,One-Time
16303.0,4,Repeat Customer,2567.64,Repeat
16304.0,1,First-Time Customer,381.66,One-Time
16306.0,2,Repeat Customer,560.55,Repeat
16307.0,3,Repeat Customer,1194.92,Repeat
16308.0,3,Repeat Customer,2560.0,Repeat
16310.0,2,Repeat Customer,460.08,Repeat
16312.0,1,First-Time Customer,171.15,One-Time
16314.0,3,Repeat Customer,1491.4,Repeat
16315.0,1,First-Time Customer,176.34,One-Time
16316.0,5,Repeat Customer,2806.0,Loyal
16317.0,2,Repeat Customer,850.86,Repeat
16320.0,4,Repeat Customer,4590.53,Repeat
16321.0,2,Repeat Customer,230.9,Repeat
16323.0,1,First-Time Customer,146.16,One-Time
16325.0,9,Repeat Customer,3003.26,Loyal
16326.0,10,Repeat Customer,1716.03,Loyal
16327.0,11,Repeat Customer,6887.12,Loyal
16328.0,1,First-Time Customer,310.83,One-Time
16329.0,4,Repeat Customer,1703.07,Repeat
16330.0,4,Repeat Customer,382.42,Repeat
16331.0,6,Repeat Customer,2037.7,Loyal
16332.0,4,Repeat Customer,417.21000000000004,Repeat
16334.0,1,First-Time Customer,277.48,One-Time
16335.0,7,Repeat Customer,2774.0,Loyal
16336.0,4,Repeat Customer,3517.69,Repeat
16340.0,2,Repeat Customer,976.99,Repeat
16341.0,3,Repeat Customer,1878.92,Repeat
16343.0,1,First-Time Customer,316.59,One-Time
16344.0,3,Repeat Customer,741.3199999999999,Repeat
16345.0,1,First-Time Customer,623.33,One-Time
16346.0,1,First-Time Customer,224.51,One-Time
16347.0,9,Repeat Customer,2621.76,Loyal
16348.0,1,First-Time Customer,328.77,One-Time
16350.0,5,Repeat Customer,1137.42,Loyal
16351.0,12,Repeat Customer,3176.13,Loyal
16353.0,16,Repeat Customer,3323.75,Loyal
16354.0,3,Repeat Customer,733.71,Repeat
16355.0,1,First-Time Customer,416.35,One-Time
16356.0,3,Repeat Customer,204.10000000000002,Repeat
16357.0,1,First-Time Customer,209.49,One-Time
16358.0,1,First-Time Customer,892.1500000000001,One-Time
16359.0,7,Repeat Customer,946.83,Loyal
16362.0,1,First-Time Customer,212.17,One-Time
16365.0,7,Repeat Customer,1766.78,Loyal
16366.0,3,Repeat Customer,1220.83,Repeat
16367.0,1,First-Time Customer,557.91,One-Time
16368.0,1,First-Time Customer,142.78,One-Time
16369.0,4,Repeat Customer,1111.15,Repeat
16371.0,1,First-Time Customer,157.2,One-Time
16372.0,3,Repeat Customer,960.68,Repeat
16373.0,2,Repeat Customer,309.49,Repeat
16374.0,3,Repeat Customer,1298.42,Repeat
16375.0,2,Repeat Customer,104.0,Repeat
16377.0,1,First-Time Customer,632.28,One-Time
16381.0,2,Repeat Customer,258.7,Repeat
16382.0,2,Repeat Customer,353.1,Repeat
16383.0,5,Repeat Customer,2306.48,Loyal
16384.0,2,Repeat Customer,774.4499999999999,Repeat
16385.0,3,Repeat Customer,474.72,Repeat
16386.0,1,First-Time Customer,785.39,One-Time
16387.0,4,Repeat Customer,824.19,Repeat
16388.0,1,First-Time Customer,186.05,One-Time
16390.0,3,Repeat Customer,467.5,Repeat
16391.0,4,Repeat Customer,1103.61,Repeat
16392.0,2,Repeat Customer,541.86,Repeat
16393.0,11,Repeat Customer,2515.45,Loyal
16395.0,9,Repeat Customer,2050.95,Loyal
16396.0,1,First-Time Customer,137.8,One-Time
16397.0,1,First-Time Customer,127.88,One-Time
16399.0,1,First-Time Customer,233.25,One-Time
16400.0,8,Repeat Customer,2855.5099999999998,Loyal
16401.0,11,Repeat Customer,2750.83,Loyal
16402.0,1,First-Time Customer,211.8,One-Time
16406.0,2,Repeat Customer,389.61,Repeat
16407.0,4,Repeat Customer,694.72,Repeat
16408.0,1,First-Time Customer,231.93,One-Time
16409.0,7,Repeat Customer,3680.16,Loyal
16410.0,1,First-Time Customer,130.32,One-Time
16411.0,3,Repeat Customer,695.54,Repeat
16412.0,4,Repeat Customer,495.4,Repeat
16413.0,1,First-Time Customer,266.78000000000003,One-Time
16414.0,3,Repeat Customer,433.46000000000004,Repeat
16415.0,2,Repeat Customer,509.09000000000003,Repeat
16416.0,6,Repeat Customer,1921.48,Loyal
16417.0,1,First-Time Customer,35.7,One-Time
16418.0,2,Repeat Customer,426.67,Repeat
16419.0,2,Repeat Customer,515.1899999999999,Repeat
16420.0,1,First-Time Customer,75.0,One-Time
16421.0,3,Repeat Customer,526.27,Repeat
16422.0,59,Repeat Customer,28967.07,Loyal
16424.0,1,First-Time Customer,309.5,One-Time
16428.0,3,Repeat Customer,660.28,Repeat
16430.0,6,Repeat Customer,817.09,Loyal
16433.0,1,First-Time Customer,200.26,One-Time
16434.0,5,Repeat Customer,1219.49,Loyal
16435.0,3,Repeat Customer,1011.5699999999999,Repeat
16436.0,3,Repeat Customer,329.34,Repeat
16437.0,2,Repeat Customer,301.25,Repeat
16439.0,1,First-Time Customer,310.70000000000005,One-Time
16440.0,1,First-Time Customer,216.3,One-Time
16441.0,3,Repeat Customer,653.23,Repeat
16442.0,2,Repeat Customer,282.68,Repeat
16443.0,1,First-Time Customer,162.24,One-Time
16444.0,13,Repeat Customer,3001.91,Loyal
16445.0,3,Repeat Customer,372.22,Repeat
16447.0,2,Repeat Customer,516.13,Repeat
16448.0,1,First-Time Customer,178.98000000000002,One-Time
16450.0,2,Repeat Customer,1193.81,Repeat
16451.0,2,Repeat Customer,746.1800000000001,Repeat
16452.0,2,Repeat Customer,332.17,Repeat
16453.0,2,Repeat Customer,251.71,Repeat
16454.0,2,Repeat Customer,24.05,Repeat
16455.0,6,Repeat Customer,2543.19,Loyal
16456.0,9,Repeat Customer,4704.54,Loyal
16458.0,12,Repeat Customer,2232.6,Loyal
16459.0,1,First-Time Customer,71.78999999999999,One-Time
16461.0,2,Repeat Customer,1463.8,Repeat
16465.0,2,Repeat Customer,746.24,Repeat
16466.0,8,Repeat Customer,2235.13,Loyal
16467.0,7,Repeat Customer,2869.16,Loyal
16468.0,2,Repeat Customer,712.62,Repeat
16469.0,1,First-Time Customer,178.48000000000002,One-Time
16470.0,7,Repeat Customer,1696.21,Loyal
16471.0,3,Repeat Customer,966.03,Repeat
16472.0,2,Repeat Customer,789.6,Repeat
16473.0,1,First-Time Customer,154.72,One-Time
16476.0,1,First-Time Customer,350.35,One-Time
16477.0,5,Repeat Customer,1825.56,Loyal
16481.0,1,First-Time Customer,453.38,One-Time
16485.0,4,Repeat Customer,1931.03,Repeat
16486.0,1,First-Time Customer,134.36,One-Time
16487.0,2,Repeat Customer,209.4,Repeat
16489.0,2,Repeat Customer,303.7,Repeat
16490.0,1,First-Time Customer,205.41000000000003,One-Time
16491.0,1,First-Time Customer,801.66,One-Time
16492.0,1,First-Time Customer,385.56,One-Time
16493.0,3,Repeat Customer,780.46,Repeat
16496.0,3,Repeat Customer,731.25,Repeat
16497.0,17,Repeat Customer,3729.59,Loyal
16499.0,6,Repeat Customer,2212.89,Loyal
16500.0,3,Repeat Customer,443.05,Repeat
16501.0,1,First-Time Customer,1237.23,One-Time
16502.0,2,Repeat Customer,266.5,Repeat
16503.0,7,Repeat Customer,2182.41,Loyal
16507.0,1,First-Time Customer,152.76,One-Time
16508.0,1,First-Time Customer,248.8,One-Time
16510.0,6,Repeat Customer,1851.8999999999999,Loyal
16511.0,3,Repeat Customer,868.76,Repeat
16515.0,5,Repeat Customer,1589.17,Loyal
16518.0,2,Repeat Customer,475.05,Repeat
16519.0,3,Repeat Customer,341.18,Repeat
16520.0,4,Repeat Customer,1436.05,Repeat
16521.0,3,Repeat Customer,1148.01,Repeat
16522.0,2,Repeat Customer,433.36,Repeat
16523.0,7,Repeat Customer,2497.86,Loyal
16524.0,2,Repeat Customer,308.14,Repeat
16525.0,23,Repeat Customer,11555.19,Loyal
16526.0,1,First-Time Customer,426.85,One-Time
16527.0,1,First-Time Customer,1044.38,One-Time
16529.0,3,Repeat Customer,1556.75,Repeat
16530.0,1,First-Time Customer,48.349999999999994,One-Time
16531.0,4,Repeat Customer,1053.74,Repeat
16532.0,2,Repeat Customer,2007.84,Repeat
16534.0,1,First-Time Customer,635.9,One-Time
16535.0,2,Repeat Customer,407.84,Repeat
16537.0,1,First-Time Customer,23.35,One-Time
16538.0,3,Repeat Customer,399.62,Repeat
16539.0,7,Repeat Customer,2343.2,Loyal
16540.0,1,First-Time Customer,226.70000000000002,One-Time
16541.0,1,First-Time Customer,424.03,One-Time
16542.0,1,First-Time Customer,137.7,One-Time
16543.0,1,First-Time Customer,292.21,One-Time
16544.0,4,Repeat Customer,376.70000000000005,Repeat
16545.0,1,First-Time Customer,350.52,One-Time
16546.0,4,Repeat Customer,4819.32,Repeat
16547.0,1,First-Time Customer,111.71,One-Time
16548.0,1,First-Time Customer,30.15,One-Time
16549.0,24,Repeat Customer,9027.55,Loyal
16550.0,14,Repeat Customer,7136.16,Loyal
16551.0,4,Repeat Customer,1315.0,Repeat
16552.0,1,First-Time Customer,95.29,One-Time
16553.0,21,Repeat Customer,10924.19,Loyal
16554.0,5,Repeat Customer,2004.6200000000001,Loyal
16555.0,4,Repeat Customer,1629.79,Repeat
16556.0,10,Repeat Customer,4698.79,Loyal
16558.0,19,Repeat Customer,5535.02,Loyal
16559.0,1,First-Time Customer,185.20000000000002,One-Time
16560.0,6,Repeat Customer,2206.9700000000003,Loyal
16562.0,1,First-Time Customer,223.85999999999999,One-Time
16563.0,5,Repeat Customer,3345.02,Loyal
16564.0,1,First-Time Customer,87.8,One-Time
16565.0,3,Repeat Customer,599.35,Repeat
16568.0,2,Repeat Customer,1020.9000000000001,Repeat
16569.0,4,Repeat Customer,1331.03,Repeat
16570.0,10,Repeat Customer,3695.91,Loyal
16571.0,7,Repeat Customer,2827.05,Loyal
16574.0,2,Repeat Customer,850.34,Repeat
16576.0,2,Repeat Customer,540.87,Repeat
16577.0,1,First-Time Customer,380.0,One-Time
16578.0,1,First-Time Customer,156.6,One-Time
16579.0,1,First-Time Customer,295.05,One-Time
16583.0,2,Repeat Customer,297.95,Repeat
16584.0,3,Repeat Customer,2227.59,Repeat
16585.0,2,Repeat Customer,341.59,Repeat
16586.0,2,Repeat Customer,998.83,Repeat
16588.0,4,Repeat Customer,1361.28,Repeat
16589.0,1,First-Time Customer,153.12,One-Time
16590.0,2,Repeat Customer,605.9,Repeat
16592.0,12,Repeat Customer,3694.23,Loyal
16593.0,5,Repeat Customer,741.11,Loyal
16595.0,4,Repeat Customer,1450.02,Repeat
16596.0,3,Repeat Customer,329.48,Repeat
16599.0,1,First-Time Customer,172.8,One-Time
16600.0,7,Repeat Customer,1339.89,Loyal
16601.0,2,Repeat Customer,439.45,Repeat
16602.0,1,First-Time Customer,235.25,One-Time
16604.0,2,Repeat Customer,432.45,Repeat
16605.0,1,First-Time Customer,60.48,One-Time
16606.0,2,Repeat Customer,357.66,Repeat
16607.0,11,Repeat Customer,2359.16,Loyal
16608.0,2,Repeat Customer,1288.72,Repeat
16611.0,5,Repeat Customer,1655.64,Loyal
16612.0,5,Repeat Customer,2057.77,Loyal
16614.0,2,Repeat Customer,673.6,Repeat
16615.0,1,First-Time Customer,291.5,One-Time
16619.0,3,Repeat Customer,1712.1200000000001,Repeat
16620.0,4,Repeat Customer,1579.97,Repeat
16622.0,1,First-Time Customer,225.4,One-Time
16623.0,3,Repeat Customer,885.79,Repeat
16625.0,4,Repeat Customer,1320.95,Repeat
16628.0,2,Repeat Customer,130.05,Repeat
16630.0,1,First-Time Customer,106.80000000000001,One-Time
16631.0,7,Repeat Customer,1892.52,Loyal
16632.0,2,Repeat Customer,406.4,Repeat
16634.0,5,Repeat Customer,1596.71,Loyal
16635.0,1,First-Time Customer,473.0,One-Time
16636.0,4,Repeat Customer,3802.04,Repeat
16638.0,6,Repeat Customer,749.8100000000001,Loyal
16639.0,1,First-Time Customer,490.47,One-Time
16640.0,1,First-Time Customer,179.4,One-Time
16641.0,1,First-Time Customer,323.40000000000003,One-Time
16642.0,1,First-Time Customer,389.12,One-Time
16643.0,1,First-Time Customer,435.6,One-Time
16645.0,1,First-Time Customer,160.39,One-Time
16646.0,1,First-Time Customer,678.8,One-Time
16647.0,2,Repeat Customer,327.84,Repeat
16648.0,2,Repeat Customer,382.14,Repeat
16649.0,1,First-Time Customer,306.58000000000004,One-Time
16650.0,6,Repeat Customer,1397.69,Loyal
16651.0,1,First-Time Customer,136.2,One-Time
16652.0,9,Repeat Customer,10776.42,Loyal
16654.0,5,Repeat Customer,1110.2,Loyal
16655.0,7,Repeat Customer,2753.85,Loyal
16656.0,15,Repeat Customer,8207.37,Loyal
16658.0,6,Repeat Customer,690.83,Loyal
16660.0,3,Repeat Customer,611.9000000000001,Repeat
16661.0,4,Repeat Customer,986.63,Repeat
16662.0,1,First-Time Customer,163.8,One-Time
16663.0,1,First-Time Customer,165.0,One-Time
16664.0,1,First-Time Customer,109.2,One-Time
16666.0,1,First-Time Customer,106.96000000000001,One-Time
16668.0,7,Repeat Customer,555.7,Loyal
16670.0,9,Repeat Customer,3934.25,Loyal
16673.0,1,First-Time Customer,188.83,One-Time
16675.0,2,Repeat Customer,608.86,Repeat
16676.0,2,Repeat Customer,769.78,Repeat
16677.0,2,Repeat Customer,880.62,Repeat
16679.0,3,Repeat Customer,663.31,Repeat
16680.0,2,Repeat Customer,637.75,Repeat
16681.0,1,First-Time Customer,151.5,One-Time
16683.0,1,First-Time Customer,320.25,One-Time
16684.0,27,Repeat Customer,80489.21,Loyal
16686.0,9,Repeat Customer,2008.09,Loyal
16687.0,1,First-Time Customer,157.63,One-Time
16690.0,2,Repeat Customer,127.45,Repeat
16691.0,2,Repeat Customer,178.83,Repeat
16692.0,2,Repeat Customer,638.6999999999999,Repeat
16693.0,3,Repeat Customer,717.45,Repeat
16694.0,1,First-Time Customer,98.30000000000001,One-Time
16695.0,2,Repeat Customer,193.15,Repeat
16699.0,7,Repeat Customer,994.6,Loyal
16700.0,13,Repeat Customer,4091.16,Loyal
16701.0,13,Repeat Customer,4518.43,Loyal
16702.0,4,Repeat Customer,1110.83,Repeat
16704.0,2,Repeat Customer,695.66,Repeat
16705.0,22,Repeat Customer,29480.061,Loyal
16707.0,4,Repeat Customer,551.11,Repeat
16709.0,9,Repeat Customer,6057.59,Loyal
16710.0,13,Repeat Customer,3866.05,Loyal
16711.0,4,Repeat Customer,1217.45,Repeat
16712.0,2,Repeat Customer,621.5600000000001,Repeat
16713.0,18,Repeat Customer,7637.56,Loyal
16714.0,1,First-Time Customer,368.27,One-Time
16715.0,1,First-Time Customer,323.8,One-Time
16716.0,1,First-Time Customer,1248.48,One-Time
16717.0,9,Repeat Customer,3127.85,Loyal
16718.0,5,Repeat Customer,3023.78,Loyal
16719.0,8,Repeat Customer,2182.88,Loyal
16720.0,2,Repeat Customer,640.24,Repeat
16722.0,11,Repeat Customer,4258.2699999999995,Loyal
16723.0,2,Repeat Customer,712.48,Repeat
16724.0,1,First-Time Customer,147.35,One-Time
16725.0,8,Repeat Customer,1101.09,Loyal
16726.0,2,Repeat Customer,706.39,Repeat
16727.0,3,Repeat Customer,1164.6,Repeat
16731.0,1,First-Time Customer,174.05,One-Time
16732.0,3,Repeat Customer,3783.89,Repeat
16733.0,1,First-Time Customer,259.68,One-Time
16735.0,9,Repeat Customer,3970.0,Loyal
16736.0,5,Repeat Customer,2956.56,Loyal
16737.0,1,First-Time Customer,417.59999999999997,One-Time
16739.0,1,First-Time Customer,463.43,One-Time
16740.0,1,First-Time Customer,236.81,One-Time
16741.0,1,First-Time Customer,173.06,One-Time
16742.0,13,Repeat Customer,2387.71,Loyal
16743.0,7,Repeat Customer,2015.17,Loyal
16746.0,24,Repeat Customer,11368.74,Loyal
16748.0,9,Repeat Customer,2121.43,Loyal
16749.0,2,Repeat Customer,4387.08,Repeat
16752.0,1,First-Time Customer,207.5,One-Time
16754.0,29,Repeat Customer,65500.07,Loyal
16755.0,4,Repeat Customer,1403.75,Repeat
16756.0,6,Repeat Customer,1072.97,Loyal
16757.0,1,First-Time Customer,163.65,One-Time
16760.0,1,First-Time Customer,228.0,One-Time
16763.0,1,First-Time Customer,352.85,One-Time
16765.0,1,First-Time Customer,420.75,One-Time
16767.0,4,Repeat Customer,2493.2,Repeat
16768.0,6,Repeat Customer,1230.03,Loyal
16769.0,3,Repeat Customer,761.36,Repeat
16770.0,5,Repeat Customer,1162.03,Loyal
16771.0,5,Repeat Customer,1720.79,Loyal
16772.0,3,Repeat Customer,3723.5499999999997,Repeat
16773.0,2,Repeat Customer,249.65,Repeat
16774.0,4,Repeat Customer,932.93,Repeat
16775.0,6,Repeat Customer,1361.23,Loyal
16776.0,1,First-Time Customer,231.57,One-Time
16777.0,3,Repeat Customer,1081.41,Repeat
16779.0,32,Repeat Customer,22638.52,Loyal
16780.0,1,First-Time Customer,180.36,One-Time
16781.0,2,Repeat Customer,623.0,Repeat
16782.0,26,Repeat Customer,8158.51,Loyal
16783.0,1,First-Time Customer,391.95,One-Time
16784.0,4,Repeat Customer,788.93,Repeat
16785.0,1,First-Time Customer,533.78,One-Time
16786.0,1,First-Time Customer,51.839999999999996,One-Time
16787.0,4,Repeat Customer,1035.43,Repeat
16788.0,3,Repeat Customer,1352.82,Repeat
16791.0,8,Repeat Customer,2316.91,Loyal
16792.0,3,Repeat Customer,513.08,Repeat
16794.0,5,Repeat Customer,868.1999999999999,Loyal
16795.0,3,Repeat Customer,2077.51,Repeat
16797.0,5,Repeat Customer,1827.77,Loyal
16798.0,3,Repeat Customer,848.71,Repeat
16799.0,2,Repeat Customer,495.98,Repeat
16802.0,2,Repeat Customer,582.61,Repeat
16805.0,3,Repeat Customer,636.65,Repeat
16807.0,3,Repeat Customer,1002.29,Repeat
16809.0,4,Repeat Customer,812.74,Repeat
16810.0,1,First-Time Customer,532.5,One-Time
16812.0,3,Repeat Customer,1912.65,Repeat
16814.0,16,Repeat Customer,5990.61,Loyal
16815.0,2,Repeat Customer,410.97,Repeat
16817.0,5,Repeat Customer,1200.15,Loyal
16819.0,2,Repeat Customer,182.59,Repeat
16821.0,1,First-Time Customer,113.35,One-Time
16822.0,1,First-Time Customer,181.39,One-Time
16823.0,6,Repeat Customer,1901.71,Loyal
16824.0,1,First-Time Customer,225.6,One-Time
16825.0,3,Repeat Customer,1051.71,Repeat
16827.0,5,Repeat Customer,392.13,Loyal
16829.0,1,First-Time Customer,316.1,One-Time
16830.0,3,Repeat Customer,881.59,Repeat
16831.0,1,First-Time Customer,91.8,One-Time
16832.0,2,Repeat Customer,218.45999999999998,Repeat
16833.0,2,Repeat Customer,1302.51,Repeat
16834.0,1,First-Time Customer,485.5,One-Time
16835.0,5,Repeat Customer,1357.56,Loyal
16836.0,2,Repeat Customer,530.5,Repeat
16838.0,2,Repeat Customer,570.76,Repeat
16839.0,11,Repeat Customer,5716.14,Loyal
16840.0,2,Repeat Customer,139.85,Repeat
16841.0,6,Repeat Customer,2136.2400000000002,Loyal
16843.0,19,Repeat Customer,9374.86,Loyal
16844.0,2,Repeat Customer,614.34,Repeat
16845.0,1,First-Time Customer,253.88,One-Time
16846.0,2,Repeat Customer,628.09,Repeat
16847.0,1,First-Time Customer,421.45000000000005,One-Time
16848.0,3,Repeat Customer,1130.2,Repeat
16854.0,2,Repeat Customer,1408.96,Repeat
16856.0,2,Repeat Customer,323.09000000000003,Repeat
16857.0,1,First-Time Customer,352.8,One-Time
16858.0,10,Repeat Customer,4292.59,Loyal
16859.0,5,Repeat Customer,1184.6,Loyal
16860.0,3,Repeat Customer,1610.62,Repeat
16861.0,3,Repeat Customer,772.83,Repeat
16862.0,4,Repeat Customer,662.33,Repeat
16863.0,2,Repeat Customer,495.72,Repeat
16864.0,2,Repeat Customer,409.25,Repeat
16865.0,1,First-Time Customer,130.95,One-Time
16867.0,1,First-Time Customer,76.74000000000001,One-Time
16868.0,3,Repeat Customer,393.39,Repeat
16870.0,1,First-Time Customer,450.15999999999997,One-Time
16872.0,3,Repeat Customer,533.11,Repeat
16873.0,6,Repeat Customer,7493.77,Loyal
16874.0,1,First-Time Customer,217.74,One-Time
16875.0,6,Repeat Customer,2139.0,Loyal
16876.0,1,First-Time Customer,136.01,One-Time
16880.0,1,First-Time Customer,321.78,One-Time
16883.0,18,Repeat Customer,2119.86,Loyal
16884.0,2,Repeat Customer,644.08,Repeat
16885.0,1,First-Time Customer,239.23000000000002,One-Time
16886.0,1,First-Time Customer,134.0,One-Time
16887.0,2,Repeat Customer,465.84000000000003,Repeat
16888.0,3,Repeat Customer,437.15,Repeat
16889.0,3,Repeat Customer,952.23,Repeat
16890.0,3,Repeat Customer,285.41,Repeat
16891.0,7,Repeat Customer,1247.1200000000001,Loyal
16892.0,2,Repeat Customer,236.56,Repeat
16893.0,2,Repeat Customer,255.84,Repeat
16894.0,3,Repeat Customer,1324.06,Repeat
16895.0,4,Repeat Customer,902.28,Repeat
16896.0,1,First-Time Customer,103.95,One-Time
16898.0,3,Repeat Customer,507.56,Repeat
16899.0,2,Repeat Customer,439.46000000000004,Repeat
16901.0,1,First-Time Customer,204.26,One-Time
16903.0,2,Repeat Customer,689.04,Repeat
16904.0,7,Repeat Customer,1378.1,Loyal
16905.0,11,Repeat Customer,1931.72,Loyal
16906.0,3,Repeat Customer,869.03,Repeat
16907.0,5,Repeat Customer,726.25,Loyal
16908.0,1,First-Time Customer,252.59,One-Time
16911.0,2,Repeat Customer,255.25,Repeat
16912.0,4,Repeat Customer,1904.93,Repeat
16913.0,2,Repeat Customer,310.46999999999997,Repeat
16915.0,5,Repeat Customer,921.5,Loyal
16916.0,3,Repeat Customer,547.14,Repeat
16917.0,1,First-Time Customer,1466.31,One-Time
16918.0,10,Repeat Customer,2144.47,Loyal
16919.0,14,Repeat Customer,2529.46,Loyal
16920.0,1,First-Time Customer,355.45,One-Time
16921.0,2,Repeat Customer,276.88,Repeat
16922.0,1,First-Time Customer,611.08,One-Time
16923.0,13,Repeat Customer,6130.75,Loyal
16925.0,1,First-Time Customer,125.65,One-Time
16926.0,5,Repeat Customer,1191.1,Loyal
16928.0,13,Repeat Customer,1265.63,Loyal
16931.0,3,Repeat Customer,629.4,Repeat
16932.0,2,Repeat Customer,278.77,Repeat
16933.0,7,Repeat Customer,2618.02,Loyal
16934.0,4,Repeat Customer,1160.06,Repeat
16935.0,3,Repeat Customer,535.1,Repeat
16936.0,1,First-Time Customer,288.49,One-Time
16937.0,1,First-Time Customer,202.1,One-Time
16938.0,5,Repeat Customer,4306.8,Loyal
16939.0,3,Repeat Customer,449.0,Repeat
16940.0,5,Repeat Customer,3377.78,Loyal
16941.0,1,First-Time Customer,33.0,One-Time
16943.0,2,Repeat Customer,482.76,Repeat
16944.0,1,First-Time Customer,101.36,One-Time
16945.0,14,Repeat Customer,4202.66,Loyal
16946.0,5,Repeat Customer,1222.04,Loyal
16947.0,4,Repeat Customer,548.73,Repeat
16948.0,4,Repeat Customer,433.75,Repeat
16950.0,8,Repeat Customer,2605.81,Loyal
16952.0,3,Repeat Customer,631.17,Repeat
16954.0,11,Repeat Customer,3996.7999999999997,Loyal
16955.0,4,Repeat Customer,790.74,Repeat
16958.0,1,First-Time Customer,809.44,One-Time
16960.0,5,Repeat Customer,1536.38,Loyal
16961.0,2,Repeat Customer,560.39,Repeat
16962.0,1,First-Time Customer,251.04,One-Time
16964.0,2,Repeat Customer,207.85,Repeat
16970.0,1,First-Time Customer,71.4,One-Time
16972.0,2,Repeat Customer,786.25,Repeat
16973.0,1,First-Time Customer,127.0,One-Time
16974.0,2,Repeat Customer,365.5,Repeat
16975.0,3,Repeat Customer,926.12,Repeat
16977.0,4,Repeat Customer,496.0,Repeat
16978.0,2,Repeat Customer,424.55,Repeat
16979.0,3,Repeat Customer,1007.74,Repeat
16980.0,1,First-Time Customer,394.37,One-Time
16983.0,5,Repeat Customer,1778.97,Loyal
16984.0,7,Repeat Customer,6273.45,Loyal
16985.0,13,Repeat Customer,5459.04,Loyal
16986.0,9,Repeat Customer,3015.55,Loyal
16987.0,4,Repeat Customer,910.85,Repeat
16988.0,1,First-Time Customer,256.55,One-Time
16990.0,1,First-Time Customer,165.0,One-Time
16991.0,1,First-Time Customer,1041.21,One-Time
16992.0,8,Repeat Customer,3862.19,Loyal
16993.0,2,Repeat Customer,1950.9499999999998,Repeat
16996.0,3,Repeat Customer,666.6500000000001,Repeat
16998.0,1,First-Time Customer,107.0,One-Time
17000.0,2,Repeat Customer,406.3,Repeat
17001.0,8,Repeat Customer,2651.23,Loyal
17002.0,4,Repeat Customer,1077.82,Repeat
17003.0,4,Repeat Customer,830.16,Repeat
17004.0,2,Repeat Customer,1012.22,Repeat
17005.0,2,Repeat Customer,742.36,Repeat
17006.0,4,Repeat Customer,854.54,Repeat
17007.0,1,First-Time Customer,230.17000000000002,One-Time
17008.0,1,First-Time Customer,81.36,One-Time
17009.0,1,First-Time Customer,242.06,One-Time
17011.0,2,Repeat Customer,400.8,Repeat
17012.0,1,First-Time Customer,384.16,One-Time
17016.0,1,First-Time Customer,552.4,One-Time
17017.0,13,Repeat Customer,5416.349999999999,Loyal
17018.0,4,Repeat Customer,1367.6,Repeat
17019.0,8,Repeat Customer,2739.59,Loyal
17020.0,2,Repeat Customer,935.62,Repeat
17021.0,6,Repeat Customer,1182.22,Loyal
17022.0,1,First-Time Customer,189.0,One-Time
17023.0,3,Repeat Customer,800.18,Repeat
17025.0,4,Repeat Customer,1152.87,Repeat
17026.0,2,Repeat Customer,54.15,Repeat
17027.0,3,Repeat Customer,436.82,Repeat
17028.0,3,Repeat Customer,1593.83,Repeat
17029.0,5,Repeat Customer,1421.3,Loyal
17031.0,4,Repeat Customer,2393.5,Repeat
17032.0,8,Repeat Customer,3004.6,Loyal
17033.0,1,First-Time Customer,302.65000000000003,One-Time
17034.0,2,Repeat Customer,538.4,Repeat
17035.0,2,Repeat Customer,180.06,Repeat
17036.0,1,First-Time Customer,176.9,One-Time
17038.0,1,First-Time Customer,630.77,One-Time
17039.0,1,First-Time Customer,1954.99,One-Time
17040.0,1,First-Time Customer,13.52,One-Time
17041.0,3,Repeat Customer,604.71,Repeat
17043.0,4,Repeat Customer,881.37,Repeat
17044.0,11,Repeat Customer,11013.82,Loyal
17045.0,2,Repeat Customer,488.24,Repeat
17046.0,4,Repeat Customer,1264.05,Repeat
17047.0,3,Repeat Customer,1188.33,Repeat
17048.0,4,Repeat Customer,1146.33,Repeat
17049.0,10,Repeat Customer,4287.5,Loyal
17050.0,5,Repeat Customer,1462.95,Loyal
17051.0,3,Repeat Customer,467.25,Repeat
17055.0,1,First-Time Customer,239.55,One-Time
17056.0,1,First-Time Customer,128.60000000000002,One-Time
17057.0,1,First-Time Customer,294.74,One-Time
17059.0,5,Repeat Customer,2507.4900000000002,Loyal
17062.0,4,Repeat Customer,669.85,Repeat
17063.0,6,Repeat Customer,2177.39,Loyal
17065.0,2,Repeat Customer,194.7,Repeat
17066.0,1,First-Time Customer,228.34,One-Time
17067.0,3,Repeat Customer,454.54,Repeat
17068.0,27,Repeat Customer,4608.94,Loyal
17069.0,6,Repeat Customer,3084.58,Loyal
17070.0,1,First-Time Customer,133.18,One-Time
17071.0,4,Repeat Customer,1372.17,Repeat
17072.0,1,First-Time Customer,282.05,One-Time
17074.0,1,First-Time Customer,203.05,One-Time
17075.0,6,Repeat Customer,1407.61,Loyal
17076.0,3,Repeat Customer,401.66999999999996,Repeat
17077.0,1,First-Time Customer,306.0,One-Time
17080.0,5,Repeat Customer,669.91,Loyal
17081.0,4,Repeat Customer,674.23,Repeat
17082.0,4,Repeat Customer,2728.18,Repeat
17083.0,6,Repeat Customer,2644.01,Loyal
17084.0,1,First-Time Customer,2253.22,One-Time
17085.0,23,Repeat Customer,6324.76,Loyal
17087.0,1,First-Time Customer,221.53,One-Time
17089.0,1,First-Time Customer,128.45,One-Time
17090.0,6,Repeat Customer,1105.53,Loyal
17091.0,11,Repeat Customer,3983.34,Loyal
17092.0,7,Repeat Customer,3817.18,Loyal
17093.0,1,First-Time Customer,235.88,One-Time
17094.0,1,First-Time Customer,100.2,One-Time
17095.0,4,Repeat Customer,1248.09,Repeat
17096.0,7,Repeat Customer,2737.05,Loyal
17097.0,2,Repeat Customer,386.03,Repeat
17098.0,3,Repeat Customer,591.0699999999999,Repeat
17099.0,1,First-Time Customer,582.17,One-Time
17101.0,3,Repeat Customer,885.3199999999999,Repeat
17103.0,1,First-Time Customer,424.3,One-Time
17104.0,1,First-Time Customer,474.03,One-Time
17106.0,1,First-Time Customer,491.23,One-Time
17107.0,4,Repeat Customer,5259.99,Repeat
17108.0,1,First-Time Customer,174.95,One-Time
17109.0,2,Repeat Customer,410.42,Repeat
17110.0,2,Repeat Customer,347.4,Repeat
17111.0,1,First-Time Customer,227.97,One-Time
17112.0,1,First-Time Customer,205.17,One-Time
17113.0,6,Repeat Customer,2322.59,Loyal
17115.0,4,Repeat Customer,1923.99,Repeat
17116.0,1,First-Time Customer,389.78,One-Time
17121.0,1,First-Time Customer,314.74,One-Time
17122.0,3,Repeat Customer,432.18,Repeat
17123.0,2,Repeat Customer,631.87,Repeat
17126.0,4,Repeat Customer,1065.69,Repeat
17127.0,5,Repeat Customer,1155.0300000000002,Loyal
17129.0,1,First-Time Customer,31.85,One-Time
17132.0,2,Repeat Customer,1272.8,Repeat
17133.0,5,Repeat Customer,9730.09,Loyal
17134.0,1,First-Time Customer,212.1,One-Time
17135.0,4,Repeat Customer,814.43,Repeat
17136.0,1,First-Time Customer,231.68,One-Time
17137.0,6,Repeat Customer,1133.63,Loyal
17138.0,6,Repeat Customer,4036.77,Loyal
17139.0,13,Repeat Customer,8915.99,Loyal
17141.0,4,Repeat Customer,754.33,Repeat
17142.0,3,Repeat Customer,704.75,Repeat
17143.0,2,Repeat Customer,924.11,Repeat
17145.0,4,Repeat Customer,3120.91,Repeat
17146.0,10,Repeat Customer,5110.46,Loyal
17147.0,5,Repeat Customer,1485.36,Loyal
17149.0,1,First-Time Customer,143.10000000000002,One-Time
17150.0,6,Repeat Customer,1375.65,Loyal
17151.0,1,First-Time Customer,231.90000000000003,One-Time
17152.0,1,First-Time Customer,327.0,One-Time
17155.0,5,Repeat Customer,640.76,Loyal
17156.0,1,First-Time Customer,591.87,One-Time
17157.0,17,Repeat Customer,4832.9,Loyal
17158.0,2,Repeat Customer,713.03,Repeat
17159.0,2,Repeat Customer,560.71,Repeat
17160.0,11,Repeat Customer,6691.13,Loyal
17161.0,1,First-Time Customer,856.01,One-Time
17163.0,2,Repeat Customer,406.68,Repeat
17165.0,5,Repeat Customer,1635.64,Loyal
17167.0,3,Repeat Customer,867.11,Repeat
17168.0,1,First-Time Customer,400.2,One-Time
17169.0,1,First-Time Customer,320.95,One-Time
17170.0,2,Repeat Customer,178.68,Repeat
17171.0,1,First-Time Customer,159.68,One-Time
17172.0,2,Repeat Customer,638.81,Repeat
17176.0,2,Repeat Customer,596.1899999999999,Repeat
17177.0,1,First-Time Customer,119.5,One-Time
17178.0,1,First-Time Customer,436.71,One-Time
17179.0,3,Repeat Customer,795.47,Repeat
17180.0,7,Repeat Customer,1460.95,Loyal
17181.0,2,Repeat Customer,225.45000000000002,Repeat
17182.0,2,Repeat Customer,321.3,Repeat
17184.0,2,Repeat Customer,198.41000000000003,Repeat
17185.0,3,Repeat Customer,229.46,Repeat
17187.0,1,First-Time Customer,263.76,One-Time
17188.0,6,Repeat Customer,2118.7000000000003,Loyal
17189.0,3,Repeat Customer,573.23,Repeat
17190.0,5,Repeat Customer,1298.3,Loyal
17191.0,11,Repeat Customer,2740.92,Loyal
17192.0,1,First-Time Customer,77.83,One-Time
17193.0,2,Repeat Customer,610.74,Repeat
17194.0,1,First-Time Customer,549.88,One-Time
17195.0,1,First-Time Customer,562.98,One-Time
17196.0,1,First-Time Customer,352.9,One-Time
17198.0,2,Repeat Customer,521.66,Repeat
17199.0,1,First-Time Customer,145.12,One-Time
17200.0,4,Repeat Customer,356.71,Repeat
17201.0,3,Repeat Customer,899.41,Repeat
17202.0,1,First-Time Customer,160.65,One-Time
17203.0,4,Repeat Customer,2012.03,Repeat
17204.0,5,Repeat Customer,3940.13,Loyal
17205.0,2,Repeat Customer,615.27,Repeat
17207.0,1,First-Time Customer,303.21999999999997,One-Time
17208.0,1,First-Time Customer,115.35,One-Time
17209.0,3,Repeat Customer,611.6,Repeat
17210.0,1,First-Time Customer,253.37,One-Time
17211.0,6,Repeat Customer,1729.43,Loyal
17212.0,2,Repeat Customer,567.5600000000001,Repeat
17213.0,7,Repeat Customer,2401.07,Loyal
17215.0,1,First-Time Customer,186.15,One-Time
17216.0,1,First-Time Customer,65.05,One-Time
17217.0,1,First-Time Customer,104.5,One-Time
17218.0,9,Repeat Customer,2231.96,Loyal
17219.0,1,First-Time Customer,144.9,One-Time
17220.0,7,Repeat Customer,1283.5,Loyal
17221.0,3,Repeat Customer,643.39,Repeat
17222.0,5,Repeat Customer,1250.86,Loyal
17223.0,2,Repeat Customer,446.74,Repeat
17224.0,1,First-Time Customer,100.86,One-Time
17225.0,1,First-Time Customer,131.15,One-Time
17226.0,2,Repeat Customer,506.63,Repeat
17227.0,7,Repeat Customer,1082.71,Loyal
17228.0,7,Repeat Customer,1271.1499999999999,Loyal
17230.0,10,Repeat Customer,6286.54,Loyal
17231.0,15,Repeat Customer,4022.72,Loyal
17233.0,2,Repeat Customer,369.98,Repeat
17235.0,7,Repeat Customer,1354.82,Loyal
17236.0,6,Repeat Customer,1013.13,Loyal
17237.0,2,Repeat Customer,687.39,Repeat
17238.0,17,Repeat Customer,4038.45,Loyal
17239.0,3,Repeat Customer,806.95,Repeat
17240.0,1,First-Time Customer,130.6,One-Time
17241.0,12,Repeat Customer,2744.14,Loyal
17242.0,3,Repeat Customer,1754.24,Repeat
17243.0,44,Repeat Customer,12213.01,Loyal
17244.0,4,Repeat Customer,871.14,Repeat
17245.0,1,First-Time Customer,200.18,One-Time
17246.0,2,Repeat Customer,38.92,Repeat
17248.0,1,First-Time Customer,227.51,One-Time
17249.0,1,First-Time Customer,68.03,One-Time
17251.0,2,Repeat Customer,529.15,Repeat
17254.0,1,First-Time Customer,198.29,One-Time
17255.0,2,Repeat Customer,500.72,Repeat
17256.0,3,Repeat Customer,258.93,Repeat
17257.0,2,Repeat Customer,192.73,Repeat
17258.0,2,Repeat Customer,417.3,Repeat
17259.0,5,Repeat Customer,1285.97,Loyal
17260.0,1,First-Time Customer,120.95,One-Time
17261.0,1,First-Time Customer,230.44,One-Time
17262.0,7,Repeat Customer,1504.26,Loyal
17264.0,1,First-Time Customer,279.59,One-Time
17266.0,2,Repeat Customer,207.09,Repeat
17268.0,7,Repeat Customer,970.25,Loyal
17269.0,1,First-Time Customer,537.46,One-Time
17270.0,2,Repeat Customer,604.4,Repeat
17271.0,1,First-Time Customer,210.39,One-Time
17273.0,1,First-Time Customer,141.12,One-Time
17274.0,1,First-Time Customer,465.4,One-Time
17275.0,1,First-Time Customer,114.52,One-Time
17276.0,1,First-Time Customer,508.39,One-Time
17278.0,1,First-Time Customer,25.2,One-Time
17280.0,1,First-Time Customer,118.85999999999999,One-Time
17281.0,6,Repeat Customer,797.8499999999999,Loyal
17282.0,2,Repeat Customer,636.25,Repeat
17283.0,1,First-Time Customer,188.46,One-Time
17284.0,2,Repeat Customer,1140.58,Repeat
17285.0,2,Repeat Customer,428.34,Repeat
17286.0,2,Repeat Customer,241.56,Repeat
17287.0,16,Repeat Customer,3047.85,Loyal
17288.0,4,Repeat Customer,1080.25,Repeat
17289.0,6,Repeat Customer,1134.98,Loyal
17290.0,6,Repeat Customer,976.2,Loyal
17292.0,2,Repeat Customer,271.75,Repeat
17293.0,8,Repeat Customer,1899.1200000000001,Loyal
17294.0,2,Repeat Customer,467.78999999999996,Repeat
17296.0,1,First-Time Customer,338.13,One-Time
17298.0,3,Repeat Customer,459.14,Repeat
17299.0,2,Repeat Customer,346.97,Repeat
17300.0,2,Repeat Customer,393.64,Repeat
17301.0,1,First-Time Customer,132.8,One-Time
17304.0,1,First-Time Customer,111.5,One-Time
17305.0,1,First-Time Customer,2135.46,One-Time
17306.0,2,Repeat Customer,1151.04,Repeat
17307.0,11,Repeat Customer,3999.8900000000003,Loyal
17308.0,2,Repeat Customer,4511.76,Repeat
17309.0,2,Repeat Customer,247.84,Repeat
17310.0,2,Repeat Customer,1025.1,Repeat
17311.0,4,Repeat Customer,2181.71,Repeat
17314.0,9,Repeat Customer,2376.51,Loyal
17315.0,5,Repeat Customer,3358.34,Loyal
17316.0,1,First-Time Customer,124.45,One-Time
17318.0,1,First-Time Customer,164.28,One-Time
17319.0,1,First-Time Customer,29.1,One-Time
17320.0,4,Repeat Customer,1695.15,Repeat
17321.0,4,Repeat Customer,1040.32,Repeat
17322.0,5,Repeat Customer,922.59,Loyal
17323.0,5,Repeat Customer,644.52,Loyal
17324.0,9,Repeat Customer,1311.64,Loyal
17325.0,2,Repeat Customer,512.77,Repeat
17326.0,2,Repeat Customer,321.95,Repeat
17327.0,2,Repeat Customer,152.35,Repeat
17328.0,1,First-Time Customer,104.7,One-Time
17329.0,3,Repeat Customer,481.32,Repeat
17330.0,2,Repeat Customer,59.900000000000006,Repeat
17332.0,5,Repeat Customer,838.27,Loyal
17334.0,1,First-Time Customer,328.13,One-Time
17335.0,2,Repeat Customer,508.0,Repeat
17336.0,1,First-Time Customer,81.12,One-Time
17338.0,9,Repeat Customer,5498.64,Loyal
17339.0,2,Repeat Customer,119.0,Repeat
17340.0,8,Repeat Customer,10051.53,Loyal
17341.0,3,Repeat Customer,1108.47,Repeat
17342.0,4,Repeat Customer,1227.54,Repeat
17343.0,5,Repeat Customer,1066.3,Loyal
17344.0,1,First-Time Customer,307.54,One-Time
17345.0,6,Repeat Customer,1066.94,Loyal
17346.0,12,Repeat Customer,2646.44,Loyal
17348.0,4,Repeat Customer,1316.8899999999999,Repeat
17349.0,4,Repeat Customer,741.5,Repeat
17350.0,3,Repeat Customer,619.971,Repeat
17351.0,9,Repeat Customer,1401.08,Loyal
17352.0,1,First-Time Customer,36.25,One-Time
17353.0,2,Repeat Customer,1502.0,Repeat
17354.0,3,Repeat Customer,1750.3999999999999,Repeat
17355.0,1,First-Time Customer,285.11,One-Time
17356.0,4,Repeat Customer,768.25,Repeat
17358.0,3,Repeat Customer,500.2,Repeat
17359.0,1,First-Time Customer,156.6,One-Time
17360.0,3,Repeat Customer,645.59,Repeat
17361.0,2,Repeat Customer,392.44,Repeat
17362.0,5,Repeat Customer,711.8100000000001,Loyal
17363.0,3,Repeat Customer,940.86,Repeat
17364.0,17,Repeat Customer,7589.24,Loyal
17365.0,7,Repeat Customer,3423.42,Loyal
17366.0,2,Repeat Customer,1096.24,Repeat
17368.0,6,Repeat Customer,913.47,Loyal
17369.0,1,First-Time Customer,979.1999999999999,One-Time
17371.0,3,Repeat Customer,238.66,Repeat
17372.0,20,Repeat Customer,3034.88,Loyal
17373.0,3,Repeat Customer,520.58,Repeat
17374.0,1,First-Time Customer,231.34,One-Time
17375.0,1,First-Time Customer,260.45,One-Time
17376.0,2,Repeat Customer,250.44,Repeat
17377.0,60,Repeat Customer,14218.49,Loyal
17378.0,1,First-Time Customer,10.95,One-Time
17380.0,3,Repeat Customer,645.0,Repeat
17381.0,12,Repeat Customer,19726.76,Loyal
17382.0,7,Repeat Customer,836.88,Loyal
17383.0,1,First-Time Customer,110.69999999999999,One-Time
17384.0,1,First-Time Customer,171.15,One-Time
17386.0,1,First-Time Customer,126.35000000000001,One-Time
17388.0,7,Repeat Customer,1432.01,Loyal
17389.0,27,Repeat Customer,25391.0,Loyal
17390.0,1,First-Time Customer,149.3,One-Time
17392.0,1,First-Time Customer,168.65,One-Time
17393.0,2,Repeat Customer,381.15,Repeat
17395.0,1,First-Time Customer,97.5,One-Time
17396.0,7,Repeat Customer,1476.3,Loyal
17397.0,1,First-Time Customer,536.77,One-Time
17400.0,3,Repeat Customer,2547.09,Repeat
17401.0,1,First-Time Customer,114.85,One-Time
17402.0,12,Repeat Customer,2462.33,Loyal
17403.0,1,First-Time Customer,118.95,One-Time
17404.0,8,Repeat Customer,15874.3,Loyal
17406.0,11,Repeat Customer,2704.63,Loyal
17407.0,1,First-Time Customer,552.9,One-Time
17408.0,2,Repeat Customer,283.44000000000005,Repeat
17409.0,8,Repeat Customer,7021.66,Loyal
17411.0,2,Repeat Customer,646.44,Repeat
17412.0,10,Repeat Customer,3159.46,Loyal
17413.0,2,Repeat Customer,560.14,Repeat
17414.0,4,Repeat Customer,1471.52,Repeat
17416.0,15,Repeat Customer,10405.03,Loyal
17417.0,1,First-Time Customer,164.18,One-Time
17418.0,1,First-Time Customer,206.60000000000002,One-Time
17419.0,8,Repeat Customer,2273.95,Loyal
17420.0,4,Repeat Customer,485.6,Repeat
17421.0,3,Repeat Customer,1059.41,Repeat
17422.0,5,Repeat Customer,1615.39,Loyal
17423.0,1,First-Time Customer,420.54,One-Time
17426.0,7,Repeat Customer,3040.51,Loyal
17428.0,18,Repeat Customer,14562.91,Loyal
17429.0,2,Repeat Customer,832.54,Repeat
17430.0,3,Repeat Customer,469.40999999999997,Repeat
17432.0,7,Repeat Customer,1385.6299999999999,Loyal
17433.0,1,First-Time Customer,266.8,One-Time
17435.0,1,First-Time Customer,331.35,One-Time
17436.0,3,Repeat Customer,317.76,Repeat
17437.0,1,First-Time Customer,373.17,One-Time
17438.0,4,Repeat Customer,1034.32,Repeat
17439.0,1,First-Time Customer,325.74,One-Time
17440.0,1,First-Time Customer,137.16,One-Time
17441.0,1,First-Time Customer,293.35,One-Time
17442.0,9,Repeat Customer,2371.74,Loyal
17448.0,46,Repeat Customer,14556.97,Loyal
17449.0,6,Repeat Customer,2430.29,Loyal
17450.0,7,Repeat Customer,52422.3,Loyal
17454.0,6,Repeat Customer,1030.41,Loyal
17456.0,2,Repeat Customer,975.5600000000001,Repeat
17457.0,9,Repeat Customer,4247.11,Loyal
17458.0,1,First-Time Customer,213.08,One-Time
17460.0,12,Repeat Customer,1605.8400000000001,Loyal
17463.0,2,Repeat Customer,661.5,Repeat
17464.0,2,Repeat Customer,710.98,Repeat
17465.0,7,Repeat Customer,2542.79,Loyal
17467.0,1,First-Time Customer,102.6,One-Time
17468.0,1,First-Time Customer,57.8,One-Time
17469.0,12,Repeat Customer,3180.28,Loyal
17470.0,7,Repeat Customer,1679.8,Loyal
17471.0,1,First-Time Customer,321.65000000000003,One-Time
17472.0,1,First-Time Customer,224.81,One-Time
17473.0,2,Repeat Customer,607.0,Repeat
17474.0,1,First-Time Customer,1047.0,One-Time
17476.0,2,Repeat Customer,489.86,Repeat
17477.0,2,Repeat Customer,1144.3,Repeat
17478.0,2,Repeat Customer,1272.8,Repeat
17479.0,1,First-Time Customer,389.26000000000005,One-Time
17480.0,1,First-Time Customer,390.21,One-Time
17482.0,2,Repeat Customer,778.19,Repeat
17483.0,1,First-Time Customer,177.69,One-Time
17484.0,2,Repeat Customer,209.57,Repeat
17487.0,1,First-Time Customer,160.55,One-Time
17488.0,1,First-Time Customer,336.5,One-Time
17490.0,2,Repeat Customer,658.18,Repeat
17491.0,8,Repeat Customer,2422.2000000000003,Loyal
17492.0,2,Repeat Customer,747.85,Repeat
17493.0,1,First-Time Customer,100.91000000000001,One-Time
17494.0,1,First-Time Customer,54.699999999999996,One-Time
17495.0,1,First-Time Customer,309.16,One-Time
17496.0,3,Repeat Customer,1141.84,Repeat
17497.0,2,Repeat Customer,287.25,Repeat
17499.0,1,First-Time Customer,718.51,One-Time
17504.0,9,Repeat Customer,6568.09,Loyal
17505.0,3,Repeat Customer,1289.64,Repeat
17508.0,7,Repeat Customer,4191.92,Loyal
17510.0,1,First-Time Customer,206.07999999999998,One-Time
17511.0,31,Repeat Customer,84541.17,Loyal
17512.0,8,Repeat Customer,2542.83,Loyal
17513.0,2,Repeat Customer,645.6,Repeat
17514.0,1,First-Time Customer,334.18,One-Time
17515.0,5,Repeat Customer,978.4399999999999,Loyal
17516.0,1,First-Time Customer,189.47,One-Time
17518.0,2,Repeat Customer,329.42,Repeat
17519.0,10,Repeat Customer,3265.45,Loyal
17521.0,2,Repeat Customer,554.85,Repeat
17524.0,2,Repeat Customer,394.14,Repeat
17525.0,2,Repeat Customer,739.2,Repeat
17526.0,9,Repeat Customer,2970.14,Loyal
17529.0,2,Repeat Customer,1240.25,Repeat
17530.0,3,Repeat Customer,756.51,Repeat
17531.0,2,Repeat Customer,970.12,Repeat
17532.0,1,First-Time Customer,65.34,One-Time
17533.0,1,First-Time Customer,34.8,One-Time
17534.0,4,Repeat Customer,1445.47,Repeat
17536.0,2,Repeat Customer,288.33,Repeat
17539.0,4,Repeat Customer,1226.57,Repeat
17540.0,4,Repeat Customer,1011.7,Repeat
17541.0,1,First-Time Customer,124.46,One-Time
17542.0,2,Repeat Customer,170.95,Repeat
17543.0,1,First-Time Customer,120.05,One-Time
17544.0,3,Repeat Customer,960.69,Repeat
17545.0,3,Repeat Customer,802.58,Repeat
17547.0,2,Repeat Customer,727.85,Repeat
17548.0,3,Repeat Customer,627.96,Repeat
17550.0,6,Repeat Customer,2280.48,Loyal
17552.0,10,Repeat Customer,2154.88,Loyal
17553.0,3,Repeat Customer,2270.0,Repeat
17555.0,3,Repeat Customer,574.48,Repeat
17556.0,1,First-Time Customer,142.77,One-Time
17557.0,1,First-Time Customer,34.0,One-Time
17558.0,1,First-Time Customer,259.17,One-Time
17559.0,1,First-Time Customer,167.62,One-Time
17560.0,4,Repeat Customer,1040.85,Repeat
17561.0,3,Repeat Customer,554.72,Repeat
17563.0,2,Repeat Customer,392.38,Repeat
17565.0,1,First-Time Customer,131.83,One-Time
17567.0,2,Repeat Customer,1024.55,Repeat
17568.0,1,First-Time Customer,382.79,One-Time
17570.0,1,First-Time Customer,100.0,One-Time
17571.0,1,First-Time Customer,205.23999999999998,One-Time
17572.0,7,Repeat Customer,496.26000000000005,Loyal
17575.0,1,First-Time Customer,171.7,One-Time
17576.0,23,Repeat Customer,5434.13,Loyal
17577.0,2,Repeat Customer,348.75,Repeat
17578.0,6,Repeat Customer,903.87,Loyal
17579.0,1,First-Time Customer,304.38,One-Time
17580.0,2,Repeat Customer,329.55,Repeat
17581.0,20,Repeat Customer,7712.71,Loyal
17582.0,4,Repeat Customer,1275.43,Repeat
17583.0,1,First-Time Customer,135.95,One-Time
17584.0,4,Repeat Customer,4067.12,Repeat
17585.0,3,Repeat Customer,960.23,Repeat
17586.0,1,First-Time Customer,167.4,One-Time
17587.0,1,First-Time Customer,181.66,One-Time
17588.0,4,Repeat Customer,1699.35,Repeat
17589.0,14,Repeat Customer,11645.7,Loyal
17591.0,2,Repeat Customer,550.7,Repeat
17592.0,1,First-Time Customer,148.3,One-Time
17593.0,6,Repeat Customer,4168.46,Loyal
17594.0,2,Repeat Customer,1504.7,Repeat
17596.0,7,Repeat Customer,2092.74,Loyal
17597.0,4,Repeat Customer,1439.72,Repeat
17598.0,1,First-Time Customer,409.98,One-Time
17599.0,1,First-Time Customer,52.05,One-Time
17601.0,1,First-Time Customer,305.46999999999997,One-Time
17602.0,8,Repeat Customer,2348.16,Loyal
17603.0,3,Repeat Customer,1398.76,Repeat
17604.0,4,Repeat Customer,636.57,Repeat
17605.0,1,First-Time Customer,160.75,One-Time
17606.0,1,First-Time Customer,87.30000000000001,One-Time
17607.0,1,First-Time Customer,333.81,One-Time
17608.0,2,Repeat Customer,305.11,Repeat
17609.0,6,Repeat Customer,782.12,Loyal
17610.0,5,Repeat Customer,1529.49,Loyal
17611.0,13,Repeat Customer,4387.76,Loyal
17612.0,12,Repeat Customer,3346.41,Loyal
17615.0,3,Repeat Customer,403.6,Repeat
17616.0,2,Repeat Customer,489.59999999999997,Repeat
17617.0,1,First-Time Customer,395.33,One-Time
17618.0,8,Repeat Customer,3101.66,Loyal
17621.0,3,Repeat Customer,1795.22,Repeat
17622.0,2,Repeat Customer,1130.21,Repeat
17623.0,6,Repeat Customer,1856.6200000000001,Loyal
17624.0,2,Repeat Customer,725.15,Repeat
17625.0,4,Repeat Customer,4020.8,Repeat
17626.0,1,First-Time Customer,254.0,One-Time
17627.0,1,First-Time Customer,296.36,One-Time
17629.0,2,Repeat Customer,641.4,Repeat
17631.0,4,Repeat Customer,470.16,Repeat
17633.0,3,Repeat Customer,732.55,Repeat
17635.0,3,Repeat Customer,1265.58,Repeat
17638.0,2,Repeat Customer,842.4,Repeat
17639.0,5,Repeat Customer,506.67,Loyal
17640.0,5,Repeat Customer,2547.28,Loyal
17642.0,3,Repeat Customer,1112.2,Repeat
17643.0,2,Repeat Customer,439.7,Repeat
17644.0,9,Repeat Customer,3132.96,Loyal
17646.0,10,Repeat Customer,3141.4,Loyal
17647.0,2,Repeat Customer,198.6,Repeat
17648.0,1,First-Time Customer,418.87,One-Time
17649.0,2,Repeat Customer,710.4,Repeat
17651.0,6,Repeat Customer,1758.52,Loyal
17655.0,3,Repeat Customer,1013.54,Repeat
17657.0,1,First-Time Customer,126.0,One-Time
17659.0,3,Repeat Customer,835.33,Repeat
17660.0,1,First-Time Customer,163.47,One-Time
17662.0,2,Repeat Customer,412.92,Repeat
17663.0,10,Repeat Customer,3372.92,Loyal
17664.0,2,Repeat Customer,561.59,Repeat
17665.0,1,First-Time Customer,563.1,One-Time
17666.0,3,Repeat Customer,1319.6399999999999,Repeat
17667.0,4,Repeat Customer,1895.19,Repeat
17669.0,3,Repeat Customer,2735.63,Repeat
17671.0,2,Repeat Customer,830.63,Repeat
17672.0,5,Repeat Customer,2600.46,Loyal
17673.0,7,Repeat Customer,2604.46,Loyal
17674.0,1,First-Time Customer,300.66,One-Time
17675.0,40,Repeat Customer,17885.32,Loyal
17676.0,5,Repeat Customer,1378.16,Loyal
17677.0,28,Repeat Customer,20329.68,Loyal
17678.0,1,First-Time Customer,301.65,One-Time
17679.0,5,Repeat Customer,1585.5,Loyal
17680.0,2,Repeat Customer,313.05,Repeat
17681.0,5,Repeat Customer,731.2,Loyal
17682.0,6,Repeat Customer,1982.45,Loyal
17683.0,3,Repeat Customer,819.01,Repeat
17685.0,6,Repeat Customer,2751.64,Loyal
17686.0,2,Repeat Customer,2557.35,Repeat
17687.0,1,First-Time Customer,432.68,One-Time
17688.0,1,First-Time Customer,304.2,One-Time
17689.0,2,Repeat Customer,317.08,Repeat
17690.0,8,Repeat Customer,2690.15,Loyal
17691.0,3,Repeat Customer,489.65000000000003,Repeat
17692.0,8,Repeat Customer,2234.86,Loyal
17694.0,2,Repeat Customer,1412.85,Repeat
17695.0,3,Repeat Customer,980.7,Repeat
17696.0,19,Repeat Customer,5393.88,Loyal
17699.0,2,Repeat Customer,442.0,Repeat
17700.0,10,Repeat Customer,4145.33,Loyal
17702.0,2,Repeat Customer,1319.67,Repeat
17703.0,1,First-Time Customer,296.1,One-Time
17705.0,2,Repeat Customer,260.38,Repeat
17706.0,17,Repeat Customer,10245.49,Loyal
17707.0,6,Repeat Customer,456.90000000000003,Loyal
17708.0,2,Repeat Customer,620.85,Repeat
17709.0,4,Repeat Customer,533.56,Repeat
17710.0,1,First-Time Customer,293.5,One-Time
17713.0,4,Repeat Customer,1198.09,Repeat
17714.0,4,Repeat Customer,1257.18,Repeat
17715.0,1,First-Time Customer,163.2,One-Time
17716.0,13,Repeat Customer,10300.98,Loyal
17717.0,1,First-Time Customer,376.92,One-Time
17718.0,1,First-Time Customer,299.83,One-Time
17720.0,7,Repeat Customer,1572.97,Loyal
17721.0,1,First-Time Customer,307.21000000000004,One-Time
17722.0,2,Repeat Customer,2006.32,Repeat
17723.0,1,First-Time Customer,102.0,One-Time
17726.0,7,Repeat Customer,1092.06,Loyal
17728.0,2,Repeat Customer,1362.75,Repeat
17729.0,1,First-Time Customer,438.65000000000003,One-Time
17730.0,7,Repeat Customer,2475.32,Loyal
17731.0,2,Repeat Customer,468.88,Repeat
17732.0,8,Repeat Customer,2166.42,Loyal
17734.0,3,Repeat Customer,741.69,Repeat
17735.0,8,Repeat Customer,4134.91,Loyal
17738.0,9,Repeat Customer,2304.51,Loyal
17739.0,11,Repeat Customer,4939.24,Loyal
17740.0,6,Repeat Customer,426.9,Loyal
17741.0,2,Repeat Customer,101.1,Repeat
17742.0,9,Repeat Customer,1743.3700000000001,Loyal
17743.0,1,First-Time Customer,229.2,One-Time
17744.0,1,First-Time Customer,326.74,One-Time
17745.0,2,Repeat Customer,600.34,Repeat
17746.0,3,Repeat Customer,793.9300000000001,Repeat
17748.0,1,First-Time Customer,358.15,One-Time
17749.0,1,First-Time Customer,351.66,One-Time
17751.0,1,First-Time Customer,157.85999999999999,One-Time
17753.0,4,Repeat Customer,390.56,Repeat
17754.0,8,Repeat Customer,2805.27,Loyal
17756.0,3,Repeat Customer,733.7,Repeat
17757.0,28,Repeat Customer,3817.16,Loyal
17758.0,4,Repeat Customer,1555.83,Repeat
17759.0,2,Repeat Customer,441.92,Repeat
17760.0,5,Repeat Customer,631.34,Loyal
17762.0,1,First-Time Customer,129.75,One-Time
17763.0,3,Repeat Customer,71.15,Repeat
17764.0,3,Repeat Customer,804.82,Repeat
17765.0,1,First-Time Customer,158.92,One-Time
17766.0,2,Repeat Customer,299.61,Repeat
17767.0,1,First-Time Customer,141.85,One-Time
17768.0,4,Repeat Customer,1236.33,Repeat
17769.0,7,Repeat Customer,3105.1,Loyal
17771.0,2,Repeat Customer,141.6,Repeat
17772.0,1,First-Time Customer,202.0,One-Time
17773.0,2,Repeat Customer,585.27,Repeat
17774.0,5,Repeat Customer,2102.64,Loyal
17776.0,2,Repeat Customer,338.56,Repeat
17778.0,1,First-Time Customer,197.70000000000002,One-Time
17780.0,3,Repeat Customer,352.91,Repeat
17782.0,2,Repeat Customer,679.02,Repeat
17783.0,1,First-Time Customer,96.44,One-Time
17784.0,1,First-Time Customer,112.86,One-Time
17785.0,2,Repeat Customer,271.44,Repeat
17787.0,1,First-Time Customer,736.28,One-Time
17789.0,1,First-Time Customer,171.25,One-Time
17790.0,6,Repeat Customer,818.06,Loyal
17792.0,2,Repeat Customer,370.05,Repeat
17794.0,2,Repeat Customer,147.3,Repeat
17796.0,4,Repeat Customer,664.09,Repeat
17797.0,5,Repeat Customer,1205.44,Loyal
17798.0,1,First-Time Customer,183.09,One-Time
17799.0,10,Repeat Customer,3285.96,Loyal
17801.0,3,Repeat Customer,798.3299999999999,Repeat
17802.0,8,Repeat Customer,3768.08,Loyal
17803.0,1,First-Time Customer,184.66,One-Time
17804.0,3,Repeat Customer,385.23,Repeat
17805.0,1,First-Time Customer,414.72,One-Time
17807.0,3,Repeat Customer,437.87,Repeat
17808.0,4,Repeat Customer,262.64,Repeat
17809.0,11,Repeat Customer,5925.4800000000005,Loyal
17810.0,2,Repeat Customer,374.81,Repeat
17811.0,8,Repeat Customer,1772.07,Loyal
17812.0,4,Repeat Customer,433.73,Repeat
17814.0,2,Repeat Customer,1617.32,Repeat
17815.0,1,First-Time Customer,591.96,One-Time
17816.0,3,Repeat Customer,75.76,Repeat
17817.0,3,Repeat Customer,420.17,Repeat
17818.0,1,First-Time Customer,130.18,One-Time
17819.0,6,Repeat Customer,2907.65,Loyal
17820.0,1,First-Time Customer,183.56,One-Time
17821.0,1,First-Time Customer,334.62,One-Time
17822.0,5,Repeat Customer,2188.5,Loyal
17823.0,2,Repeat Customer,494.25,Repeat
17825.0,4,Repeat Customer,731.96,Repeat
17826.0,1,First-Time Customer,134.59,One-Time
17827.0,1,First-Time Customer,392.59,One-Time
17829.0,4,Repeat Customer,3867.5,Repeat
17833.0,1,First-Time Customer,342.36,One-Time
17834.0,2,Repeat Customer,730.47,Repeat
17838.0,10,Repeat Customer,3943.6000000000004,Loyal
17840.0,1,First-Time Customer,185.72,One-Time
17841.0,91,Repeat Customer,29892.5,Loyal
17842.0,1,First-Time Customer,430.69,One-Time
17843.0,1,First-Time Customer,120.75,One-Time
17845.0,4,Repeat Customer,598.19,Repeat
17847.0,2,Repeat Customer,129.69,Repeat
17848.0,21,Repeat Customer,2749.7,Loyal
17849.0,4,Repeat Customer,457.96000000000004,Repeat
17850.0,155,Repeat Customer,51208.87,Loyal
17851.0,6,Repeat Customer,1563.34,Loyal
17852.0,3,Repeat Customer,548.87,Repeat
17853.0,3,Repeat Customer,1608.19,Repeat
17854.0,4,Repeat Customer,760.19,Repeat
17855.0,1,First-Time Customer,208.97,One-Time
17857.0,2,Repeat Customer,1803.2,Repeat
17858.0,19,Repeat Customer,7641.99,Loyal
17860.0,4,Repeat Customer,762.74,Repeat
17861.0,10,Repeat Customer,3026.89,Loyal
17862.0,3,Repeat Customer,948.1899999999999,Repeat
17863.0,7,Repeat Customer,2585.2,Loyal
17864.0,2,Repeat Customer,326.82,Repeat
17865.0,26,Repeat Customer,15848.07,Loyal
17866.0,2,Repeat Customer,805.3000000000001,Repeat
17867.0,9,Repeat Customer,424.18,Loyal
17868.0,1,First-Time Customer,234.65,One-Time
17869.0,3,Repeat Customer,607.98,Repeat
17870.0,2,Repeat Customer,1213.8,Repeat
17871.0,4,Repeat Customer,963.09,Repeat
17872.0,1,First-Time Customer,235.87,One-Time
17873.0,14,Repeat Customer,4656.72,Loyal
17875.0,1,First-Time Customer,167.1,One-Time
17876.0,3,Repeat Customer,3424.02,Repeat
17878.0,2,Repeat Customer,1032.88,Repeat
17880.0,2,Repeat Customer,366.0,Repeat
17882.0,2,Repeat Customer,313.46,Repeat
17883.0,3,Repeat Customer,324.08,Repeat
17884.0,18,Repeat Customer,2355.44,Loyal
17886.0,3,Repeat Customer,708.77,Repeat
17888.0,17,Repeat Customer,1094.39,Loyal
17889.0,5,Repeat Customer,571.0,Loyal
17894.0,11,Repeat Customer,1333.57,Loyal
17897.0,8,Repeat Customer,2018.4,Loyal
17898.0,2,Repeat Customer,147.12,Repeat
17901.0,2,Repeat Customer,149.7,Repeat
17902.0,1,First-Time Customer,216.39999999999998,One-Time
17903.0,1,First-Time Customer,381.09000000000003,One-Time
17905.0,10,Repeat Customer,1583.28,Loyal
17907.0,1,First-Time Customer,291.76,One-Time
17908.0,5,Repeat Customer,1168.26,Loyal
17909.0,1,First-Time Customer,132.55,One-Time
17910.0,1,First-Time Customer,261.7,One-Time
17912.0,1,First-Time Customer,64.49,One-Time
17913.0,12,Repeat Customer,3068.04,Loyal
17915.0,1,First-Time Customer,242.13,One-Time
17916.0,2,Repeat Customer,43.87,Repeat
17918.0,3,Repeat Customer,396.39,Repeat
17919.0,1,First-Time Customer,536.28,One-Time
17920.0,39,Repeat Customer,20312.36,Loyal
17921.0,6,Repeat Customer,1596.98,Loyal
17922.0,1,First-Time Customer,170.4,One-Time
17923.0,2,Repeat Customer,289.5,Repeat
17924.0,2,Repeat Customer,574.2,Repeat
17925.0,1,First-Time Customer,244.08,One-Time
17926.0,3,Repeat Customer,638.2,Repeat
17927.0,1,First-Time Customer,294.0,One-Time
17928.0,1,First-Time Customer,128.7,One-Time
17929.0,8,Repeat Customer,2239.1,Loyal
17930.0,8,Repeat Customer,2534.74,Loyal
17931.0,12,Repeat Customer,3028.93,Loyal
17933.0,1,First-Time Customer,114.69,One-Time
17934.0,1,First-Time Customer,344.90000000000003,One-Time
17935.0,5,Repeat Customer,540.35,Loyal
17938.0,1,First-Time Customer,144.29,One-Time
17940.0,6,Repeat Customer,26286.75,Loyal
17941.0,3,Repeat Customer,1128.72,Repeat
17944.0,1,First-Time Customer,75.41,One-Time
17945.0,3,Repeat Customer,360.35,Repeat
17949.0,74,Repeat Customer,60117.6,Loyal
17950.0,6,Repeat Customer,950.61,Loyal
17951.0,2,Repeat Customer,627.5400000000001,Repeat
17952.0,4,Repeat Customer,819.61,Repeat
17953.0,1,First-Time Customer,160.82,One-Time
17954.0,9,Repeat Customer,1633.33,Loyal
17955.0,2,Repeat Customer,392.6,Repeat
17958.0,1,First-Time Customer,465.42,One-Time
17959.0,1,First-Time Customer,140.75,One-Time
17960.0,2,Repeat Customer,61.300000000000004,Repeat
17961.0,62,Repeat Customer,1699.1,Loyal
17962.0,3,Repeat Customer,584.59,Repeat
17963.0,4,Repeat Customer,651.51,Repeat
17964.0,1,First-Time Customer,261.76,One-Time
17965.0,17,Repeat Customer,4618.41,Loyal
17966.0,5,Repeat Customer,875.99,Loyal
17967.0,2,Repeat Customer,234.22,Repeat
17968.0,4,Repeat Customer,610.6899999999999,Repeat
17969.0,18,Repeat Customer,2141.7400000000002,Loyal
17971.0,1,First-Time Customer,161.94,One-Time
17974.0,3,Repeat Customer,1117.27,Repeat
17975.0,12,Repeat Customer,2540.02,Loyal
17976.0,1,First-Time Customer,353.19,One-Time
17977.0,1,First-Time Customer,1277.49,One-Time
17978.0,4,Repeat Customer,1160.84,Repeat
17980.0,1,First-Time Customer,221.97,One-Time
17981.0,1,First-Time Customer,239.12,One-Time
17982.0,1,First-Time Customer,138.18,One-Time
17983.0,1,First-Time Customer,171.71,One-Time
17984.0,4,Repeat Customer,1038.59,Repeat
17987.0,4,Repeat Customer,805.07,Repeat
17988.0,7,Repeat Customer,288.42,Loyal
17989.0,1,First-Time Customer,228.82999999999998,One-Time
17990.0,3,Repeat Customer,896.77,Repeat
17991.0,1,First-Time Customer,227.2,One-Time
17992.0,1,First-Time Customer,254.13,One-Time
17993.0,1,First-Time Customer,235.19,One-Time
17994.0,7,Repeat Customer,1634.83,Loyal
17995.0,2,Repeat Customer,419.38,Repeat
17996.0,3,Repeat Customer,482.33,Repeat
17998.0,3,Repeat Customer,639.24,Repeat
17999.0,2,Repeat Customer,348.84,Repeat
18000.0,1,First-Time Customer,124.25,One-Time
18001.0,4,Repeat Customer,536.61,Repeat
18002.0,4,Repeat Customer,249.92,Repeat
18003.0,1,First-Time Customer,358.61,One-Time
18006.0,3,Repeat Customer,553.1800000000001,Repeat
18007.0,1,First-Time Customer,220.32,One-Time
18008.0,14,Repeat Customer,17670.94,Loyal
18009.0,7,Repeat Customer,1898.49,Loyal
18011.0,2,Repeat Customer,424.24,Repeat
18012.0,1,First-Time Customer,115.3,One-Time
18016.0,2,Repeat Customer,476.90000000000003,Repeat
18017.0,1,First-Time Customer,165.0,One-Time
18018.0,2,Repeat Customer,175.85,Repeat
18020.0,1,First-Time Customer,190.48000000000002,One-Time
18021.0,2,Repeat Customer,227.06,Repeat
18022.0,4,Repeat Customer,983.68,Repeat
18025.0,6,Repeat Customer,1177.72,Loyal
18026.0,2,Repeat Customer,2074.07,Repeat
18028.0,1,First-Time Customer,192.05,One-Time
18029.0,1,First-Time Customer,433.77,One-Time
18031.0,1,First-Time Customer,462.09999999999997,One-Time
18034.0,1,First-Time Customer,370.82,One-Time
18035.0,2,Repeat Customer,546.34,Repeat
18036.0,8,Repeat Customer,1158.02,Loyal
18037.0,9,Repeat Customer,97.39999999999999,Loyal
18038.0,1,First-Time Customer,149.41,One-Time
18039.0,4,Repeat Customer,579.17,Repeat
18041.0,20,Repeat Customer,4568.99,Loyal
18042.0,1,First-Time Customer,116.1,One-Time
18043.0,1,First-Time Customer,316.46,One-Time
18044.0,8,Repeat Customer,1417.01,Loyal
18046.0,1,First-Time Customer,189.63,One-Time
18047.0,2,Repeat Customer,342.69,Repeat
18048.0,1,First-Time Customer,229.44,One-Time
18049.0,2,Repeat Customer,556.52,Repeat
18050.0,1,First-Time Customer,337.66,One-Time
18051.0,7,Repeat Customer,2282.28,Loyal
18052.0,1,First-Time Customer,10877.18,One-Time
18053.0,2,Repeat Customer,271.05,Repeat
18054.0,1,First-Time Customer,176.5,One-Time
18055.0,6,Repeat Customer,4411.38,Loyal
18056.0,1,First-Time Customer,190.95,One-Time
18057.0,3,Repeat Customer,1203.56,Repeat
18058.0,2,Repeat Customer,603.9,Repeat
18060.0,2,Repeat Customer,1185.46,Repeat
18061.0,19,Repeat Customer,4369.56,Loyal
18062.0,3,Repeat Customer,912.15,Repeat
18063.0,2,Repeat Customer,186.60000000000002,Repeat
18064.0,9,Repeat Customer,3681.03,Loyal
18065.0,15,Repeat Customer,3473.8,Loyal
18066.0,2,Repeat Customer,1122.4,Repeat
18069.0,6,Repeat Customer,2503.89,Loyal
18070.0,1,First-Time Customer,314.1,One-Time
18071.0,5,Repeat Customer,975.63,Loyal
18074.0,2,Repeat Customer,1019.44,Repeat
18075.0,10,Repeat Customer,3171.54,Loyal
18076.0,1,First-Time Customer,151.49,One-Time
18077.0,8,Repeat Customer,1705.55,Loyal
18078.0,2,Repeat Customer,508.47,Repeat
18079.0,1,First-Time Customer,590.78,One-Time
18083.0,1,First-Time Customer,470.72999999999996,One-Time
18084.0,2,Repeat Customer,722.4499999999999,Repeat
18085.0,3,Repeat Customer,955.8000000000001,Repeat
18087.0,15,Repeat Customer,10705.8,Loyal
18089.0,1,First-Time Customer,428.45,One-Time
18090.0,1,First-Time Customer,349.4,One-Time
18091.0,1,First-Time Customer,360.85,One-Time
18092.0,8,Repeat Customer,7111.18,Loyal
18093.0,4,Repeat Customer,2346.19,Repeat
18094.0,6,Repeat Customer,3374.2200000000003,Loyal
18095.0,3,Repeat Customer,1723.04,Repeat
18096.0,3,Repeat Customer,894.13,Repeat
18097.0,5,Repeat Customer,1965.52,Loyal
18098.0,1,First-Time Customer,550.84,One-Time
18100.0,1,First-Time Customer,451.56,One-Time
18101.0,3,Repeat Customer,405.51,Repeat
18102.0,89,Repeat Customer,349164.35,Loyal
18103.0,1,First-Time Customer,105.8,One-Time
18106.0,5,Repeat Customer,1030.76,Loyal
18107.0,1,First-Time Customer,167.13,One-Time
18108.0,2,Repeat Customer,577.8100000000001,Repeat
18109.0,13,Repeat Customer,1840.99,Loyal
18110.0,1,First-Time Customer,199.13,One-Time
18111.0,1,First-Time Customer,405.85,One-Time
18112.0,2,Repeat Customer,423.27,Repeat
18113.0,1,First-Time Customer,76.32000000000001,One-Time
18115.0,1,First-Time Customer,9.700000000000001,One-Time
18116.0,5,Repeat Customer,736.27,Loyal
18118.0,4,Repeat Customer,1079.4,Repeat
18119.0,1,First-Time Customer,181.12,One-Time
18123.0,1,First-Time Customer,95.15,One-Time
18124.0,1,First-Time Customer,111.53,One-Time
18127.0,1,First-Time Customer,212.8,One-Time
18128.0,1,First-Time Customer,420.04,One-Time
18131.0,1,First-Time Customer,222.95999999999998,One-Time
18132.0,1,First-Time Customer,226.9,One-Time
18134.0,2,Repeat Customer,445.0,Repeat
18135.0,5,Repeat Customer,567.71,Loyal
18136.0,2,Repeat Customer,847.03,Repeat
18137.0,2,Repeat Customer,145.99,Repeat
18140.0,1,First-Time Customer,536.41,One-Time
18141.0,2,Repeat Customer,882.47,Repeat
18144.0,8,Repeat Customer,2169.25,Loyal
18145.0,7,Repeat Customer,2756.2400000000002,Loyal
18148.0,1,First-Time Customer,114.10000000000001,One-Time
18149.0,4,Repeat Customer,1012.63,Repeat
18151.0,4,Repeat Customer,1226.09,Repeat
18152.0,1,First-Time Customer,426.69,One-Time
18153.0,1,First-Time Customer,246.22,One-Time
18154.0,3,Repeat Customer,533.41,Repeat
18156.0,1,First-Time Customer,206.23000000000002,One-Time
18157.0,1,First-Time Customer,215.35,One-Time
18160.0,1,First-Time Customer,365.82,One-Time
18161.0,1,First-Time Customer,184.41,One-Time
18162.0,1,First-Time Customer,379.16,One-Time
18163.0,1,First-Time Customer,728.84,One-Time
18166.0,1,First-Time Customer,175.5,One-Time
18168.0,11,Repeat Customer,2600.33,Loyal
18170.0,6,Repeat Customer,1897.69,Loyal
18171.0,4,Repeat Customer,1206.0,Repeat
18172.0,32,Repeat Customer,9918.16,Loyal
18173.0,1,First-Time Customer,589.52,One-Time
18174.0,1,First-Time Customer,58.5,One-Time
18175.0,1,First-Time Customer,176.1,One-Time
18177.0,3,Repeat Customer,875.45,Repeat
18178.0,7,Repeat Customer,4512.93,Loyal
18179.0,2,Repeat Customer,754.38,Repeat
18181.0,4,Repeat Customer,823.14,Repeat
18182.0,1,First-Time Customer,291.13,One-Time
18186.0,1,First-Time Customer,329.58,One-Time
18187.0,1,First-Time Customer,724.89,One-Time
18188.0,3,Repeat Customer,1279.55,Repeat
18189.0,1,First-Time Customer,313.49,One-Time
18190.0,3,Repeat Customer,461.16,Repeat
18191.0,1,First-Time Customer,321.59999999999997,One-Time
18193.0,2,Repeat Customer,963.59,Repeat
18194.0,5,Repeat Customer,3188.2000000000003,Loyal
18195.0,1,First-Time Customer,101.16,One-Time
18196.0,2,Repeat Customer,775.18,Repeat
18197.0,1,First-Time Customer,230.1,One-Time
18199.0,1,First-Time Customer,344.75,One-Time
18201.0,1,First-Time Customer,447.53000000000003,One-Time
18203.0,3,Repeat Customer,344.0,Repeat
18206.0,1,First-Time Customer,314.65999999999997,One-Time
18207.0,1,First-Time Customer,544.47,One-Time
18208.0,1,First-Time Customer,360.08,One-Time
18210.0,1,First-Time Customer,147.45,One-Time
18212.0,1,First-Time Customer,298.3,One-Time
18214.0,4,Repeat Customer,1780.34,Repeat
18215.0,4,Repeat Customer,1948.15,Repeat
18217.0,2,Repeat Customer,323.29,Repeat
18218.0,2,Repeat Customer,479.91999999999996,Repeat
18219.0,8,Repeat Customer,1493.1200000000001,Loyal
18220.0,5,Repeat Customer,1616.48,Loyal
18221.0,1,First-Time Customer,383.33,One-Time
18223.0,12,Repeat Customer,7516.31,Loyal
18225.0,15,Repeat Customer,7545.139999999999,Loyal
18226.0,15,Repeat Customer,6650.83,Loyal
18227.0,1,First-Time Customer,295.0,One-Time
18229.0,10,Repeat Customer,3526.81,Loyal
18230.0,2,Repeat Customer,1480.8600000000001,Repeat
18231.0,23,Repeat Customer,4797.7,Loyal
18234.0,1,First-Time Customer,179.6,One-Time
18236.0,6,Repeat Customer,913.11,Loyal
18238.0,1,First-Time Customer,270.92,One-Time
18239.0,2,Repeat Customer,588.75,Repeat
18241.0,4,Repeat Customer,913.9,Repeat
18242.0,4,Repeat Customer,1372.72,Repeat
18243.0,1,First-Time Customer,515.78,One-Time
18244.0,2,Repeat Customer,568.64,Repeat
18245.0,13,Repeat Customer,3757.92,Loyal
18246.0,1,First-Time Customer,162.72,One-Time
18247.0,3,Repeat Customer,839.73,Repeat
18251.0,8,Repeat Customer,21964.14,Loyal
18252.0,5,Repeat Customer,1015.42,Loyal
18253.0,1,First-Time Customer,317.88,One-Time
18254.0,1,First-Time Customer,267.9,One-Time
18255.0,1,First-Time Customer,199.85,One-Time
18256.0,1,First-Time Customer,110.7,One-Time
18257.0,4,Repeat Customer,2262.52,Repeat
18258.0,6,Repeat Customer,2059.67,Loyal
18259.0,5,Repeat Customer,1979.6000000000001,Loyal
18260.0,17,Repeat Customer,7318.91,Loyal
18262.0,2,Repeat Customer,428.06,Repeat
18264.0,1,First-Time Customer,603.25,One-Time
18266.0,1,First-Time Customer,251.1,One-Time
18267.0,1,First-Time Customer,269.37,One-Time
18268.0,5,Repeat Customer,1464.73,Loyal
18269.0,1,First-Time Customer,168.6,One-Time
18270.0,1,First-Time Customer,161.4,One-Time
18271.0,2,Repeat Customer,680.85,Repeat
18272.0,3,Repeat Customer,1307.4,Repeat
18273.0,1,First-Time Customer,153.0,One-Time
18275.0,2,Repeat Customer,741.85,Repeat
18276.0,5,Repeat Customer,1320.66,Loyal
18277.0,4,Repeat Customer,1069.67,Repeat
18278.0,1,First-Time Customer,240.3,One-Time
18279.0,1,First-Time Customer,231.33999999999997,One-Time
18280.0,1,First-Time Customer,307.55,One-Time
18281.0,1,First-Time Customer,120.32,One-Time
18283.0,6,Repeat Customer,641.77,Loyal
18284.0,1,First-Time Customer,461.68,One-Time
18285.0,1,First-Time Customer,427.0,One-Time
18286.0,2,Repeat Customer,1296.43,Repeat
18287.0,4,Repeat Customer,2345.71,Repeat
